id,item name
0,The Hive Key
1,Bottled Honey
2,Mountain Temple Key
3,Orb of Sweet Demise
4,Cemetery Key
5,Honey Scepter
6,Inuit Skin
7,Snowcloaked Rogue Skin
8,Mystery Dye (Clothing)
9,Accessory Dye Remover
10,Clothing Dye Remover
11,Apple of Semi Maxening
12,Lil Beach Rogue Skin
13,Energy Signet
14,Gift of Krathan
15,Apple of Extreme Maxening
16,Inari Sorcerer Skin
17,Level 20 Unlocker
18,Fame Chicken
19,Wine Cellar Key
20,Hearticles
21,Toxic Sewers Key
22,Marble Seal
23,Staff of Unholy Sacrifice
24,Cult Key
25,Vial of Pure Darkness
26,Gravel
27,Creator's Ring
28,Sadamune
29,Kusanagi
30,Bow of the Void
31,Quiver of the Shadows
32,Armor of Nil
33,Sourcestone
34,Skull of Corrupted Souls
35,Omnipotence Ring
36,Ritual Robe
37,Bloodshed Ring
38,Sword of the Colossus
39,Breastplate of New Life
40,Magical Lodestone
41,Cloak of Bloody Surprises
42,Carved Golem Remains
43,Brain of the Golem
44,Golem Garments
45,Rusty Cuffs
46,LH Lost Halls Debug Item
47,Axolotl
48,Axolotl Pet Skin
49,Tome of Holy Furor
50,Helm of the Immortal
51,Seal of Divine Focus
52,Peppermint Wakizashi
53,Dragon Slayer Warrior Skin
54,Char Slot Unlocker
55,Vault Chest Unlocker
56,Oryx Chamber Key
57,Tome of the Mushroom Tribes
58,Heavy Protective Matrix
59,Magic Protective Matrix
60,Fitted Protective Matrix
61,Locked Reactor
62,Loaded Core
63,Crystal Shield
64,Entropy Reactor
65,Pixie-Enchanted Sword
66,Seal of the Enchanted Forest
67,Fairy Plate
68,Ring of Pure Wishes
69,Crystallised Fang's Venom
70,Crystallised Mist
71,Cave Dweller Trap
72,Sporous Spray Spell
73,Fungal Breastplate
74,Echoes Prism
75,Angry Orc Warrior Skin
76,Mini Flesh Collector Skin
77,Monk Paladin Skin
78,Wine Cellar Key
79,K.I.D.D. Force
80,MMace MMurderer
81,Mister Mango
82,Butter Bow
83,Caduceus of Current Craziness
84,Blade of Ages
85,Brilliance Bow
86,Quintessential Quiver
87,Luxurious Leather
88,Regal Ring
89,Cursed Library Key
90,Necronomicon
91,Scholar's Seal
92,Ronin's Wakizashi
93,Corruption Cutter
94,Server Heart
95,Fungal Cavern Key
96,Malogia Key
97,Untaris Key
98,Forax Key
99,Katalund Key
100,Cloak of Refraction
101,Fractured Gemstone Wakizashi
102,Star of Enlightenment
103,Guild Hall 1 Key
104,Guild Hall 2 Key
105,Guild Hall 4 Key
106,Guild Hall 3 Key
107,Skeleton Key
108,Pet Rock
109,Apocalypse Feather
110,Dragon Buddies
111,Mystery Reward
112,Aegis Armor
113,Squadron Sheathing
114,Judge's Robe
115,Undead Lair Key
116,Enemy Spawner
117,Pirate Cave Key
118,Spider Den Key
119,Healing Ichor
120,Spider's Eye Ring
121,Poison Fang Dagger
122,Abyss of Demons Key
123,Snake Pit Key
124,Tomb of the Ancients Key
125,Sprite World Key
126,Wine Cellar Incantation
127,Staff of Esben
128,Skullish Remains of Esben
129,Tomb of the Ancients (Heroic) Key
130,Cockatoo
131,Cockatoo Pet Skin
132,Heart of Gold Prism
133,Tincture of Fear
134,Tincture of Courage
135,Parasite Chambers Key
136,Parasite Chambers Permakey
137,Recurring Terror Spell
138,Tome of Pain
139,Scepter of Devastation
140,pD Armor
141,Fairy Dust
142,Fairy Ring
143,Woodland Robe
144,Enchantment Orb
145,Spirit Staff
146,Magic Woods Key
147,Hazmat Suit Assassin Skin
148,Dagger of the Hasteful Rabbit
149,Helm of the Swift Bunny
150,Vitamine Buster
151,Killer Bee Queen
152,Killer Bee Queen Pet Skin
153,Hivemaster Helm
154,Admin Prism
155,Nectar Crossfire
156,Honeytomb Snare
157,Apiary Armor
158,Honey Circlet
159,Staff of the Fundamental Core
160,Skull of Endless Torment
161,Prism of Dancing Swords
162,Crown
163,Useless Katana
164,Ray Katana
165,Midnight Star
166,Testing Gift
167,Pigboot
168,Pigboot Pet Skin
169,Picante Taco
170,Napalm Taco
171,Atomic Taco
172,Hot Sauce
173,Cerveza
174,Indian Beauty Sorceress Skin
175,Wererat Rogue Skin
176,Void Key
177,Magical Accessory Dye Remover
178,Magical Clothing Dye Remover
179,Moss Bag
180,Stone Bag
181,Mad God Bag
182,Wand of Retribution
183,Wyrmhide Armor
184,Admin Katana
185,Leviathan Armor
186,Dominion Armor
187,Annihilation Armor
188,Dagger of Sinister Deeds
189,Dagger of Dire Hatred
190,Sword of Splendor
191,Sword of Majesty
192,Wand of Evocation
193,Def Test Sword
194,Bow of Mystical Energy
195,Bow of Deep Enchantment
196,Penetrating Blast Spell
197,Robe of the Star Mother
198,Robe of the Ancient Intellect
199,Staff of the Vital Unity
200,Strike Amulet
201,Admin Staff
202,Admin Sword
203,Thousand Shot
204,Admin Wand
205,Admin Bow
206,Admin Dagger
207,Edictum Praetoris
208,Memento Mori
209,Toga Picta
210,Interregnum
211,Reef Key
212,Cnidaria Rod
213,Bottled Medusozoan
214,Short Sword
215,Long Sword
216,Golden Sword
217,Crystal Sword
218,Fire Wand
219,Missile Wand
220,Hell's Fire Wand
221,Wand of Death
222,Wooden Shield
223,Iron Shield
224,Steel Shield
225,Golden Shield
226,Mithril Shield
227,Leather Armor
228,Studded Leather Armor
229,Chainmail
230,Golden Chainmail
231,Plate Mail
232,Mithril Armor
233,Dragonscale Armor
234,Steel Dagger
235,Dirk
236,Golden Dagger
237,Obsidian Dagger
238,Mithril Dagger
239,Fire Dagger
240,Shortbow
241,Crossbow
242,Fire Bow
243,Double Bow
244,Golden Bow
245,Potion of Attack
246,Potion of Defense
247,Potion of Speed
248,Health Potion
249,Magic Potion
250,Ring of Attack
251,Ring of Defense
252,Ring of Speed
253,Ring of Health
254,Ring of Magic
255,Ring of Greater Attack
256,Ring of Greater Defense
257,Ring of Greater Speed
258,Ring of Greater Health
259,Ring of Greater Magic
260,Fire Spray Spell
261,Fire Nova Spell
262,Magic Nova Spell
263,Healing Tome
264,Spirit Salve Tome
265,Tome of Renewing
266,Potion of Vitality
267,Potion of Wisdom
268,Ring of Vitality
269,Ring of Wisdom
270,Ring of Greater Vitality
271,Ring of Greater Wisdom
272,Heavy Crossbow
273,Fire Sword
274,Glass Sword
275,Wand of Dark Magic
276,Snakeskin Armor
277,Snake Oil
278,Snakeskin Shield
279,Snake Eye Ring
280,Suspension Orb
281,Imprisonment Orb
282,Neutralization Orb
283,Timelock Orb
284,Banishment Orb
285,Skysplitter Sword
286,Elixir of Health
287,Elixir of Health
288,Elixir of Magic
289,Sprite Wand
290,Potion of Dexterity
291,Ring of Dexterity
292,Ring of Greater Dexterity
293,Ring of Minor Defense
294,Pirate Rum
295,Magic Mushroom
296,Seal of the Initiate
297,Seal of the Seeker
298,Seal of the Divine
299,Seal of the Holy Warrior
300,Cloak of Shadows
301,Cloak of Darkness
302,Cloak of Speed
303,Cloak of the Red Agent
304,Cloak of the Planewalker
305,Tome of Divine Favor
306,Robe of the Neophyte
307,Robe of the Acolyte
308,Robe of the Adept
309,Robe of the Invoker
310,Robe of the Master
311,Magic Quiver
312,Reinforced Quiver
313,Iron Quiver
314,Magesteel Quiver
315,Golden Quiver
316,Combat Helm
317,Bronze Helm
318,Black Iron Helm
319,Red Iron Helm
320,Steel Helm
321,Golden Helm
322,Broad Sword
323,Saber
324,Falchion
325,Force Wand
326,Power Wand
327,Eldritch Wand
328,Blue Steel Dagger
329,Dusky Rose Dagger
330,Silver Dagger
331,Reinforced Bow
332,Greywood Bow
333,Ironwood Bow
334,Wolfskin Armor
335,Basilisk Hide Armor
336,Minotaur Hide Armor
337,Iron Mail
338,Blue Steel Mail
339,Silver Chainmail
340,Robe of the Apprentice
341,Robe of the Student
342,Robe of the Conjurer
343,Elixir of Health
344,Ravenheart Sword
345,Dragonsoul Sword
346,Archon Sword
347,Wand of Deep Sorcery
348,Wand of Shadow
349,Wand of Ancient Warning
350,Ragetalon Dagger
351,Emeraldshard Dagger
352,Agateclaw Dagger
353,Verdant Bow
354,Bow of Fey Magic
355,Bow of Innocent Blood
356,Roc Leather Armor
357,Hippogriff Hide Armor
358,Griffon Hide Armor
359,Desolation Armor
360,Vengeance Armor
361,Abyssal Armor
362,Robe of the Shadow Magus
363,Robe of the Moon Wizard
364,Robe of the Elder Warlock
365,Energy Staff
366,Firebrand Staff
367,Comet Staff
368,Serpentine Staff
369,Meteor Staff
370,Slayer Staff
371,Avenger Staff
372,Staff of Destruction
373,Staff of Horror
374,Staff of Necrotic Arcana
375,Staff of Diabolic Secrets
376,Staff of Astral Knowledge
377,Centipede Poison
378,Spider Venom
379,Pit Viper Poison
380,Stingray Poison
381,Felwasp Toxin
382,Nightwing Venom
383,Purple Drake Egg
384,Necrotic Skull
385,Breathtaker Skull
386,Heartstealer Skull
387,Soul Siphon Skull
388,Essence Tap Skull
389,Lifedrinker Skull
390,Minor Health Potion
391,Hunting Trap
392,Wilderlands Trap
393,Deepforest Trap
394,Savage Trap
395,Demonhunter Trap
396,Dragonstalker Trap
397,Ring of Superior Attack
398,Ring of Superior Defense
399,Ring of Superior Speed
400,Ring of Superior Vitality
401,Ring of Superior Wisdom
402,Ring of Superior Dexterity
403,Ring of Superior Health
404,Ring of Superior Magic
405,Ring of Paramount Attack
406,Ring of Paramount Defense
407,Ring of Paramount Speed
408,Ring of Paramount Vitality
409,Ring of Paramount Wisdom
410,Ring of Paramount Dexterity
411,Ring of Paramount Health
412,Ring of Paramount Magic
413,Ring of Exalted Attack
414,Ring of Exalted Defense
415,Ring of Exalted Speed
416,Ring of Exalted Vitality
417,Ring of Exalted Wisdom
418,Ring of Exalted Dexterity
419,Ring of Exalted Health
420,Ring of Exalted Magic
421,Reinforced Shield
422,Bearskin Armor
423,Chimera Hide Armor
424,Wyvern Skin Armor
425,Drake Hide Armor
426,Flame Burst Spell
427,Scorching Blast Spell
428,Destruction Sphere Spell
429,Remedy Tome
430,Tome of Rejuvenation
431,Seal of the Pilgrim
432,Seal of the Aspirant
433,Cloak of the Night Thief
434,Robe of the Illusionist
435,Minor Magic Potion
436,Elvencraft Quiver
437,Mithril Chainmail
438,Wand of Arcane Flame
439,Cloak of Endless Twilight
440,Decoy Prism
441,Stasis Orb
442,Lightning Scepter
443,Potion of Life
444,Potion of Mana
445,Greater Health Potion
446,Greater Magic Potion
447,Elixir of Magic
448,Elixir of Magic
449,White Drake Egg
450,Blue Drake Egg
451,Orange Drake Egg
452,Green Drake Egg
453,Yellow Drake Egg
454,Wand of Recompense
455,Hydra Skin Armor
456,New Abilities
457,Acropolis Armor
458,Dagger of Foul Malevolence
459,Bow of Covert Havens
460,Robe of the Grand Sorcerer
461,Staff of the Cosmic Whole
462,Sword of Acclaim
463,Tincture of Dexterity
464,Tincture of Life
465,Tincture of Mana
466,Tincture of Defense
467,Effusion of Dexterity
468,Effusion of Life
469,Effusion of Mana
470,Effusion of Defense
471,Elixir of Health
472,Elixir of Health
473,Elixir of Health
474,Elixir of Health
475,Elixir of Magic
476,Elixir of Magic
477,Elixir of Magic
478,Elixir of Magic
479,Deception Prism
480,Illusion Prism
481,Hallucination Prism
482,Prism of Figments
483,Prism of Phantoms
484,Chicken Leg of Doom
485,Colossus Shield
486,Prism of Apparitions
487,Elemental Detonation Spell
488,Tome of Holy Guidance
489,Seal of the Blessed Champion
490,Cloak of Ghostly Concealment
491,Quiver of Elvish Mastery
492,Helm of the Great General
493,Baneserpent Poison
494,Bloodsucker Skull
495,Giantcatcher Trap
496,Planefetter Orb
497,Discharge Scepter
498,Thunderclap Scepter
499,Arcblast Scepter
500,Cloudflash Scepter
501,Scepter of Skybolts
502,Scepter of Storms
503,Fire Water
504,Cream Spirit
505,Chardonnay
506,Melon Liqueur
507,Cabernet
508,Vintage Port
509,Sauvignon Blanc
510,Muscat
511,Rice Wine
512,Shiraz
513,Amulet of Dispersion
514,Crystal Wand
515,Trap of the Vile Spirit
516,Tablet of the King's Avatar
517,Ring of the Sphinx
518,Ring of the Nile
519,Ring of the Pyramid
520,Ring of Unbound Attack
521,Ring of Unbound Defense
522,Ring of Unbound Speed
523,Ring of Unbound Vitality
524,Ring of Unbound Wisdom
525,Ring of Unbound Dexterity
526,Ring of Unbound Health
527,Ring of Unbound Magic
528,The Forgotten Crown
529,The Twilight Gemstone
530,Bracer of the Guardian
531,Ring of Decades
532,Lost Halls Key
533,Enemy Spawner
534,Court of Oryx Key
535,Oryx Chicken Chamber Key
536,Abomination's Wrath
537,Grotesque Scepter
538,Garment of the Beast
539,Horrific Claws
540,Platypus
541,Platypus Pet Skin
542,Walrus
543,Walrus Pet Skin
544,Delightful Snowflake
545,Symbiotic Ripper
546,Parasitic Concoction
547,Rags of the Host
548,Hivemind Circlet
549,Snowball
550,Snowball
551,Snowball
552,Snowball
553,Snowball
554,Snowball
555,Snowball
556,Snowball
557,Snowball
558,Snowball
559,Snowball
560,Snowball
561,Snowball
562,Snowball
563,Snowball
564,Snowball
565,Snowball
566,Snowball
567,Snowball
568,Snowball
569,Demon Blade
570,Doom Bow
571,Staff of Extreme Prejudice
572,Wand of the Bulwark
573,Ancient Stone Sword
574,Seal of Blasphemous Prayer
575,Quiver of Thunder
576,Helm of the Juggernaut
577,Tome of Purification
578,Dirk of Cronus
579,Orb of Conflict
580,Shield of Ogmur
581,Coral Bow
582,Ocean Trench Key
583,Coral Juice
584,Coral Ring
585,Robe of the Tlatoani
586,Staff of the Crystal Serpent
587,Cracked Crystal Skull
588,Crystal Bone Ring
589,Coral Silk Armor
590,Totem Key
591,Pollen Powder
592,Coral Venom Trap
593,St. Abraham's Wand
594,Tome of Holy Protection
595,Chasuble of Holy Light
596,Ring of Divine Faith
597,Holy Water
598,Bone Dagger
599,Manor Key
600,Anatis Staff
601,Ghost Pirate Rum
602,Captain's Ring
603,Spectral Cloth Armor
604,Spirit Dagger
605,Ghostly Prism
606,Small Firecracker
607,Large Firecracker
608,America Ring
609,Davy's Key
610,Lab Key
611,Scepter of Fulmination
612,Experimental Ring
613,Robe of the Mad Scientist
614,Conducting Wand
615,Sand Pail
616,Sand Pail
617,Sand Pail
618,Sand Pail
619,Sand Pail
620,Bahama Sunrise
621,Blue Paradise
622,Pink Passion Breeze
623,Lime Jungle Bay
624,Beachzone Key
625,Gold Medal
626,Silver Medal
627,Bronze Medal
628,Transformation Potion
629,XP Booster
630,XP Booster Test
631,Rusty Katana
632,Kendo Stick
633,Plain Katana
634,Thunder Katana
635,Line Kutter Katana
636,Night Edge
637,Sky Edge
638,Buster Katana
639,Demon Edge
640,Jewel Eye Katana
641,Ichimonji
642,Muramasa
643,Masamune
644,Apple of Extreme Maxening
645,Basic Star
646,Four-Point Star
647,Spiral Shuriken
648,Silver Star
649,Wind Circle
650,Ice Star
651,Doom Circle
652,Mad God Ale
653,Oryx Stout
654,Realm-wheat Hefeweizen
655,Candy Ring
656,Rock Candy
657,Candy-Coated Armor
658,Candy Key
659,Red Gumball
660,Purple Gumball
661,Blue Gumball
662,Green Gumball
663,Yellow Gumball
664,Loot Tier Potion
665,Loot Drop Potion
666,XP Booster 1 hr
667,XP Booster 20 min
668,Backpack
669,Plague Poison
670,Resurrected Warrior's Armor
671,Cemetery Key
672,Golden Ankh
673,Eye of Osiris
674,Pharaoh's Mask
675,Golden Cockle
676,Golden Conch
677,Golden Horn Conch
678,Golden Nut
679,Golden Bolt
680,Golden Femur
681,Golden Ribcage
682,Golden Skull
683,Golden Candelabra
684,Holy Cross
685,Pearl Necklace
686,Golden Chalice
687,Ruby Gemstone
688,Speed Sprout
689,Old Firecracker
690,Cheater Light Armor
691,Cheater Robe
692,Cheater Heavy Armor
693,Common Feline Egg
694,Uncommon Feline Egg
695,Rare Feline Egg
696,Legendary Feline Egg
697,Common Canine Egg
698,Uncommon Canine Egg
699,Rare Canine Egg
700,Legendary Canine Egg
701,Common Avian Egg
702,Uncommon Avian Egg
703,Rare Avian Egg
704,Legendary Avian Egg
705,Common Exotic Egg
706,Uncommon Exotic Egg
707,Rare Exotic Egg
708,Legendary Exotic Egg
709,Common Farm Egg
710,Uncommon Farm Egg
711,Rare Farm Egg
712,Legendary Farm Egg
713,Common Woodland Egg
714,Uncommon Woodland Egg
715,Rare Woodland Egg
716,Legendary Woodland Egg
717,Common Reptile Egg
718,Uncommon Reptile Egg
719,Rare Reptile Egg
720,Legendary Reptile Egg
721,Common Insect Egg
722,Uncommon Insect Egg
723,Rare Insect Egg
724,Legendary Insect Egg
725,Common Penguin Egg
726,Uncommon Penguin Egg
727,Rare Penguin Egg
728,Legendary Penguin Egg
729,Common Aquatic Egg
730,Uncommon Aquatic Egg
731,Rare Aquatic Egg
732,Legendary Aquatic Egg
733,Common Spooky Egg
734,Uncommon Spooky Egg
735,Rare Spooky Egg
736,Legendary Spooky Egg
737,Common Humanoid Egg
738,Uncommon Humanoid Egg
739,Rare Humanoid Egg
740,Legendary Humanoid Egg
741,Common ???? Egg
742,Uncommon ???? Egg
743,Rare ???? Egg
744,Legendary ???? Egg
745,Common Automaton Egg
746,Uncommon Automaton Egg
747,Rare Automaton Egg
748,Legendary Automaton Egg
749,Common Mystery Egg
750,Uncommon Mystery Egg
751,Rare Mystery Egg
752,Legendary Mystery Egg
753,Draconis Potion
754,Lucky Clover
755,Saint Paddy's Brew
756,Chocolate Cream Sandwich Cookie
757,Power Pizza
758,Great Taco
759,Double Cheeseburger Deluxe
760,Superburger
761,Soft Drink
762,Grapes of Wrath
763,Fries
764,Ambrosia
765,Forest Maze Key
766,Deadwater Docks Key
767,Woodland Labyrinth Key
768,Cranberries
769,Ear of Corn
770,Sliced Yam
771,Pumpkin Pie
772,Draconis Key
773,Ivory Wyvern Key
774,Thanksgiving Turkey
775,The Crawling Depths Key
776,Pirate King's Cutlass
777,Doku No Ken
778,Shatters Key
779,Leaf Bow
780,Doctor Swordsworth
781,KoalaPOW
782,Spicy Wand of Spice
783,Robobow
784,Sunshine Shiv
785,Arbiter's Wrath
786,Battle Nexus Key
787,Santa Skin
788,Little Helper Skin
789,Iceman Skin
790,Pet Form Stone
791,Crashy
792,Marid Pet Skin
793,Wooden Box
794,Prism of Dire Instability
795,Spiteful Scutum
796,Tincture of Attack
797,Tincture of Speed
798,Tincture of Vitality
799,Tincture of Wisdom
800,Effusion of Attack
801,Effusion of Speed
802,Effusion of Vitality
803,Effusion of Wisdom
804,Oryx's Castle Key
805,Standard Quest Chest
806,Mighty Quest Chest
807,Blue Jay
808,Blue Jay Pet Skin
809,Vulture
810,Vulture Pet Skin
811,Snowball
812,Seal
813,Seal Pet Skin
814,Kiwi
815,Kiwi Pet Skin
816,Dasher's Reins
817,Dancer's Reins
818,Prancer's Reins
819,Vixen's Reins
820,Cupid's Reins
821,Comet's Reins
822,Donner's Reins
823,Rudolph's Reins
824,Zebra Spider
825,Zebra Spider Pet Skin
826,Violet Larva
827,Violet Larva Pet Skin
828,Black Cat Skin Unlocker
829,Grey Cat Skin Unlocker
830,Orange Cat Skin Unlocker
831,Tan Cat Skin Unlocker
832,Yellow Cat Skin Unlocker
833,White Cat Skin Unlocker
834,Brown Pup Skin Unlocker
835,Grey Pup Skin Unlocker
836,Golden Pup Skin Unlocker
837,Grey Wolf Skin Unlocker
838,Brown Fox Skin Unlocker
839,Sheepdog Skin Unlocker
840,Grey Fox Skin Unlocker
841,Blue Parrot Skin Unlocker
842,Oriole Skin Unlocker
843,Goldfinch Skin Unlocker
844,Bluebird Skin Unlocker
845,Cardinal Skin Unlocker
846,Elephant Skin Unlocker
847,Koala Skin Unlocker
848,Monkey Skin Unlocker
849,Chick Skin Unlocker
850,Pig Skin Unlocker
851,Duck Skin Unlocker
852,Squirrel Skin Unlocker
853,Hamster Skin Unlocker
854,Raccoon Skin Unlocker
855,Dino Skin Unlocker
856,Tomb Snake Skin Unlocker
857,Chameleon Skin Unlocker
858,Dragonfly Skin Unlocker
859,Black Ant Skin Unlocker
860,Blue Ant Skin Unlocker
861,Green Ant Skin Unlocker
862,Red Ant Skin Unlocker
863,Purple Ant Skin Unlocker
864,Penguin Skin Unlocker
865,Green Penguin Skin Unlocker
866,Grape Penguin Skin Unlocker
867,Grass Penguin Skin Unlocker
868,Blue Snail Skin Unlocker
869,Green Frog Skin Unlocker
870,Purple Snail Skin Unlocker
871,Purple Frog Skin Unlocker
872,Sea Slurp Skin Unlocker
873,Turtle Skin Unlocker
874,Crab Skin Unlocker
875,Bat Skin Unlocker
876,Lil' Ghost Skin Unlocker
877,Spirit Skin Unlocker
878,Baby Skin Unlocker
879,Wand of Ancient Terror
880,Dagger of the Terrible Talon
881,Bow of Nightmares
882,Staff of Horrific Knowledge
883,Corrupted Cleaver
884,The Fool Tarot Card
885,Mad God Mayhem Key
886,Ryu's Blade
887,Heroic Undead Lair Incantation
888,Heroic Undead Lair Incantation
889,Heroic Undead Lair Incantation
890,Heroic Undead Lair Incantation
891,Heroic Undead Lair Incantation
892,Blue Butterfly
893,Blue Butterfly Pet Skin
894,Pink Butterfly
895,Pink Butterfly Pet Skin
896,Alice Blue Clothing Dye
897,Antique White Clothing Dye
898,Aqua Clothing Dye
899,Aquamarine Clothing Dye
900,Azure Clothing Dye
901,Beige Clothing Dye
902,Bisque Clothing Dye
903,Black Clothing Dye
904,Blanched Almond Clothing Dye
905,Blue Clothing Dye
906,Blue Violet Clothing Dye
907,Brown Clothing Dye
908,Burly Wood Clothing Dye
909,Cadet Blue Clothing Dye
910,Chartreuse Clothing Dye
911,Chocolate Clothing Dye
912,Coral Clothing Dye
913,Cornflower Blue Clothing Dye
914,Cornsilk Clothing Dye
915,Crimson Clothing Dye
916,Cyan Clothing Dye
917,Dark Blue Clothing Dye
918,Dark Cyan Clothing Dye
919,Dark Golden Rod Clothing Dye
920,Dark Gray Clothing Dye
921,Dark Green Clothing Dye
922,Dark Khaki Clothing Dye
923,Dark Magenta Clothing Dye
924,Dark Olive Green Clothing Dye
925,Dark Orange Clothing Dye
926,Dark Orchid Clothing Dye
927,Dark Red Clothing Dye
928,Dark Salmon Clothing Dye
929,Dark Sea Green Clothing Dye
930,Dark Slate Blue Clothing Dye
931,Dark Slate Gray Clothing Dye
932,Dark Turquoise Clothing Dye
933,Dark Violet Clothing Dye
934,Deep Pink Clothing Dye
935,Deep Sky Blue Clothing Dye
936,Dim Gray Clothing Dye
937,Dodger Blue Clothing Dye
938,Fire Brick Clothing Dye
939,Floral White Clothing Dye
940,Forest Green Clothing Dye
941,Fuchsia Clothing Dye
942,Gainsboro Clothing Dye
943,Ghost White Clothing Dye
944,Gold Clothing Dye
945,Golden Rod Clothing Dye
946,Gray Clothing Dye
947,Green Clothing Dye
948,Green Yellow Clothing Dye
949,Honey Dew Clothing Dye
950,Hot Pink Clothing Dye
951,Indian Red Clothing Dye
952,Indigo Clothing Dye
953,Ivory Clothing Dye
954,Khaki Clothing Dye
955,Lavender Clothing Dye
956,Lavender Blush Clothing Dye
957,Lawn Green Clothing Dye
958,Lemon Chiffon Clothing Dye
959,Light Blue Clothing Dye
960,Light Coral Clothing Dye
961,Light Cyan Clothing Dye
962,Light Golden Rod Yellow Clothing Dye
963,Light Grey Clothing Dye
964,Light Green Clothing Dye
965,Light Pink Clothing Dye
966,Light Salmon Clothing Dye
967,Light Sea Green Clothing Dye
968,Light Sky Blue Clothing Dye
969,Light Slate Gray Clothing Dye
970,Light Steel Blue Clothing Dye
971,Light Yellow Clothing Dye
972,Lime Clothing Dye
973,Lime Green Clothing Dye
974,Linen Clothing Dye
975,Magenta Clothing Dye
976,Maroon Clothing Dye
977,Medium Aqua Marine Clothing Dye
978,Medium Blue Clothing Dye
979,Medium Orchid Clothing Dye
980,Medium Purple Clothing Dye
981,Medium Sea Green Clothing Dye
982,Medium Slate Blue Clothing Dye
983,Medium Spring Green Clothing Dye
984,Medium Turquoise Clothing Dye
985,Medium Violet Red Clothing Dye
986,Midnight Blue Clothing Dye
987,Mint Cream Clothing Dye
988,Misty Rose Clothing Dye
989,Moccasin Clothing Dye
990,Navajo White Clothing Dye
991,Navy Clothing Dye
992,Old Lace Clothing Dye
993,Olive Clothing Dye
994,Olive Drab Clothing Dye
995,Orange Clothing Dye
996,Orange Red Clothing Dye
997,Orchid Clothing Dye
998,Pale Golden Rod Clothing Dye
999,Pale Green Clothing Dye
1000,Pale Turquoise Clothing Dye
1001,Pale Violet Red Clothing Dye
1002,Papaya Whip Clothing Dye
1003,Peach Puff Clothing Dye
1004,Peru Clothing Dye
1005,Pink Clothing Dye
1006,Plum Clothing Dye
1007,Powder Blue Clothing Dye
1008,Purple Clothing Dye
1009,Red Clothing Dye
1010,Rosy Brown Clothing Dye
1011,Royal Blue Clothing Dye
1012,Saddle Brown Clothing Dye
1013,Salmon Clothing Dye
1014,Sandy Brown Clothing Dye
1015,Sea Green Clothing Dye
1016,Sea Shell Clothing Dye
1017,Sienna Clothing Dye
1018,Silver Clothing Dye
1019,Sky Blue Clothing Dye
1020,Slate Blue Clothing Dye
1021,Slate Gray Clothing Dye
1022,Snow Clothing Dye
1023,Spring Green Clothing Dye
1024,Steel Blue Clothing Dye
1025,Tan Clothing Dye
1026,Teal Clothing Dye
1027,Thistle Clothing Dye
1028,Tomato Clothing Dye
1029,Turquoise Clothing Dye
1030,Violet Clothing Dye
1031,Wheat Clothing Dye
1032,White Clothing Dye
1033,White Smoke Clothing Dye
1034,Yellow Clothing Dye
1035,Yellow Green Clothing Dye
1036,St Patrick's Green Clothing Dye
1037,The Nest Key
1038,Royal Jelly
1039,Queen's Stinger Dagger
1040,Cursed Crown Teleporter
1041,Delightful Snowflake
1042,Beehemoth Armor
1043,Beehemoth Armor
1044,Beehemoth Armor
1045,Beehemoth Quiver
1046,Beehemoth Quiver
1047,Beehemoth Quiver
1048,Realm Closer
1049,Alice Blue Accessory Dye
1050,Antique White Accessory Dye
1051,Aqua Accessory Dye
1052,Aquamarine Accessory Dye
1053,Azure Accessory Dye
1054,Beige Accessory Dye
1055,Bisque Accessory Dye
1056,Black Accessory Dye
1057,Blanched Almond Accessory Dye
1058,Blue Accessory Dye
1059,Blue Violet Accessory Dye
1060,Brown Accessory Dye
1061,Burly Wood Accessory Dye
1062,Cadet Blue Accessory Dye
1063,Chartreuse Accessory Dye
1064,Chocolate Accessory Dye
1065,Coral Accessory Dye
1066,Cornflower Blue Accessory Dye
1067,Cornsilk Accessory Dye
1068,Crimson Accessory Dye
1069,Cyan Accessory Dye
1070,Dark Blue Accessory Dye
1071,Dark Cyan Accessory Dye
1072,Dark Golden Rod Accessory Dye
1073,Dark Gray Accessory Dye
1074,Dark Green Accessory Dye
1075,Dark Khaki Accessory Dye
1076,Dark Magenta Accessory Dye
1077,Dark Olive Green Accessory Dye
1078,Dark Orange Accessory Dye
1079,Dark Orchid Accessory Dye
1080,Dark Red Accessory Dye
1081,Dark Salmon Accessory Dye
1082,Dark Sea Green Accessory Dye
1083,Dark Slate Blue Accessory Dye
1084,Dark Slate Gray Accessory Dye
1085,Dark Turquoise Accessory Dye
1086,Dark Violet Accessory Dye
1087,Deep Pink Accessory Dye
1088,Deep Sky Blue Accessory Dye
1089,Dim Gray Accessory Dye
1090,Dodger Blue Accessory Dye
1091,Fire Brick Accessory Dye
1092,Floral White Accessory Dye
1093,Forest Green Accessory Dye
1094,Fuchsia Accessory Dye
1095,Gainsboro Accessory Dye
1096,Ghost White Accessory Dye
1097,Gold Accessory Dye
1098,Golden Rod Accessory Dye
1099,Gray Accessory Dye
1100,Green Accessory Dye
1101,Green Yellow Accessory Dye
1102,Honey Dew Accessory Dye
1103,Hot Pink Accessory Dye
1104,Indian Red Accessory Dye
1105,Indigo Accessory Dye
1106,Ivory Accessory Dye
1107,Khaki Accessory Dye
1108,Lavender Accessory Dye
1109,Lavender Blush Accessory Dye
1110,Lawn Green Accessory Dye
1111,Lemon Chiffon Accessory Dye
1112,Light Blue Accessory Dye
1113,Light Coral Accessory Dye
1114,Light Cyan Accessory Dye
1115,Light Golden Rod Yellow Accessory Dye
1116,Light Grey Accessory Dye
1117,Light Green Accessory Dye
1118,Light Pink Accessory Dye
1119,Light Salmon Accessory Dye
1120,Light Sea Green Accessory Dye
1121,Light Sky Blue Accessory Dye
1122,Light Slate Gray Accessory Dye
1123,Light Steel Blue Accessory Dye
1124,Light Yellow Accessory Dye
1125,Lime Accessory Dye
1126,Lime Green Accessory Dye
1127,Linen Accessory Dye
1128,Magenta Accessory Dye
1129,Maroon Accessory Dye
1130,Medium Aqua Marine Accessory Dye
1131,Medium Blue Accessory Dye
1132,Medium Orchid Accessory Dye
1133,Medium Purple Accessory Dye
1134,Medium Sea Green Accessory Dye
1135,Medium Slate Blue Accessory Dye
1136,Medium Spring Green Accessory Dye
1137,Medium Turquoise Accessory Dye
1138,Medium Violet Red Accessory Dye
1139,Midnight Blue Accessory Dye
1140,Mint Cream Accessory Dye
1141,Misty Rose Accessory Dye
1142,Moccasin Accessory Dye
1143,Navajo White Accessory Dye
1144,Navy Accessory Dye
1145,Old Lace Accessory Dye
1146,Olive Accessory Dye
1147,Olive Drab Accessory Dye
1148,Orange Accessory Dye
1149,Orange Red Accessory Dye
1150,Orchid Accessory Dye
1151,Pale Golden Rod Accessory Dye
1152,Pale Green Accessory Dye
1153,Pale Turquoise Accessory Dye
1154,Pale Violet Red Accessory Dye
1155,Papaya Whip Accessory Dye
1156,Peach Puff Accessory Dye
1157,Peru Accessory Dye
1158,Pink Accessory Dye
1159,Plum Accessory Dye
1160,Powder Blue Accessory Dye
1161,Purple Accessory Dye
1162,Red Accessory Dye
1163,Rosy Brown Accessory Dye
1164,Royal Blue Accessory Dye
1165,Saddle Brown Accessory Dye
1166,Salmon Accessory Dye
1167,Sandy Brown Accessory Dye
1168,Sea Green Accessory Dye
1169,Sea Shell Accessory Dye
1170,Sienna Accessory Dye
1171,Silver Accessory Dye
1172,Sky Blue Accessory Dye
1173,Slate Blue Accessory Dye
1174,Slate Gray Accessory Dye
1175,Snow Accessory Dye
1176,Spring Green Accessory Dye
1177,Steel Blue Accessory Dye
1178,Tan Accessory Dye
1179,Teal Accessory Dye
1180,Thistle Accessory Dye
1181,Tomato Accessory Dye
1182,Turquoise Accessory Dye
1183,Violet Accessory Dye
1184,Wheat Accessory Dye
1185,White Accessory Dye
1186,White Smoke Accessory Dye
1187,Yellow Accessory Dye
1188,Yellow Green Accessory Dye
1189,St Patrick's Green Accessory Dye
1190,Large Purple Pinstripe Cloth
1191,Large Brown Lined Cloth
1192,Large Blue Striped Cloth
1193,Large Black Striped Cloth
1194,Large Rainbow Cloth
1195,Large Starry Cloth
1196,Large Brown Stitch Cloth
1197,Large Tan Diamond Cloth
1198,Large Green Weave Cloth
1199,Large Blue Wave Cloth
1200,Large Yellow Wire Cloth
1201,Large Futuristic Cloth
1202,Large Stony Cloth
1203,Large Heart Cloth
1204,Large Skull Cloth
1205,Large Red Diamond Cloth
1206,Large Jester Cloth
1207,Large Crossbox Cloth
1208,Large White Diamond Cloth
1209,Large Grey Scaly Cloth
1210,Large Red Spotted Cloth
1211,Large Smiley Cloth
1212,Large Bold Diamond Cloth
1213,Large Blue Lace Cloth
1214,Large Loud Spotted Cloth
1215,Large Red Weft Cloth
1216,Large Pink Sparkly Cloth
1217,Large Red Lace Cloth
1218,Large Pink Maze Cloth
1219,Large Yellow Dot Cloth
1220,Large Cloud Cloth
1221,Large Glowthread Cloth
1222,Large Sweater Cloth
1223,Large Bee Stripe Cloth
1224,Large Western Stripe Cloth
1225,Large Blue Point Cloth
1226,Large Robber Cloth
1227,Large Chainmail Cloth
1228,Large Dark Blue Stripe Cloth
1229,Large Vine Cloth
1230,Large Party Cloth
1231,Large Viva Cloth
1232,Large Nautical Cloth
1233,Large Cactus Zag Cloth
1234,Large Big-Stripe Blue Cloth
1235,Large Big-Stripe Red Cloth
1236,Large Starry Night Cloth
1237,Large Lemon-Lime Cloth
1238,Large Floral Cloth
1239,Large Pink Dot Cloth
1240,Large Dark Eyes Cloth
1241,Large Wind Cloth
1242,Large Shamrock Cloth
1243,Large Bright Stripes Cloth
1244,Large USA Flag Cloth
1245,Large Flannel Cloth
1246,Large Cow Print Cloth
1247,Large Lush Camo Cloth
1248,Large Dark Camo Cloth
1249,Large Teal Crystal Cloth
1250,Large Blue Fireworks Cloth
1251,Large Crisscross Cloth
1252,Large Diamond Cloth
1253,Large Egyptian Cloth
1254,Large Purple Bones Cloth
1255,Large Plaid Cloth
1256,Large Red USA Star Cloth
1257,Large Blue USA Star Cloth
1258,Large USA Star Cloth
1259,Large Purple Stripes Cloth
1260,Large Bright Floral Cloth
1261,Large Clanranald Cloth
1262,Large American Flag Cloth
1263,Large Relief Cloth
1264,Large Intense Clovers Cloth
1265,Large Celtic Knot Cloth
1266,Large Flame Cloth
1267,Large Heavy Chainmail Cloth
1268,Large Leopard Print Cloth
1269,Large Zebra Print Cloth
1270,Large Colored Egg Cloth
1271,Large Spring Cloth
1272,Large Hibiscus Beach Wrap Cloth
1273,Large Blue Camo Cloth
1274,Large Sunburst Cloth
1275,Large Ivory Dragon Scale Cloth
1276,Large Green Dragon Scale Cloth
1277,Large Midnight Dragon Scale Cloth
1278,Large Blue Dragon Scale Cloth
1279,Large Red Dragon Scale Cloth
1280,Large Jester Argyle Cloth
1281,Large Alchemist Cloth
1282,Large Spooky Cloth
1283,Large Mosaic Cloth
1284,Large Blue Bee Cloth
1285,Large Yellow Bee Cloth
1286,Large Red Bee Cloth
1287,Large Stormy Cloth
1288,Large Musical Cloth
1289,Large Digital Navy Camo Cloth
1290,Large Digital Fall Camo Cloth
1291,Large Digital Woods Camo Cloth
1292,Large Digital Arctic Camo Cloth
1293,Large UFO Cloth
1294,Large Foraxian Cloth
1295,Large Katalonian Cloth
1296,Large Untarian Cloth
1297,Large Malogian Cloth
1298,Large Magma Cloth
1299,Large Mixed Lights Cloth
1300,Large Peppermint Cloth
1301,Large Holiday Lights Cloth
1302,Large Snowy Night Cloth
1303,Large Snowflake Cloth
1304,Large Candy Cane Cloth
1305,Small Purple Pinstripe Cloth
1306,Small Brown Lined Cloth
1307,Small Blue Striped Cloth
1308,Small Black Striped Cloth
1309,Small Rainbow Cloth
1310,Small Starry Cloth
1311,Small Brown Stitch Cloth
1312,Small Tan Diamond Cloth
1313,Small Green Weave Cloth
1314,Small Blue Wave Cloth
1315,Small Yellow Wire Cloth
1316,Small Futuristic Cloth
1317,Small Stony Cloth
1318,Small Heart Cloth
1319,Small Skull Cloth
1320,Small Red Diamond Cloth
1321,Small Jester Cloth
1322,Small Crossbox Cloth
1323,Small White Diamond Cloth
1324,Small Grey Scaly Cloth
1325,Small Red Spotted Cloth
1326,Small Smiley Cloth
1327,Small Bold Diamond Cloth
1328,Small Blue Lace Cloth
1329,Small Loud Spotted Cloth
1330,Small Red Weft Cloth
1331,Small Pink Sparkly Cloth
1332,Small Red Lace Cloth
1333,Small Pink Maze Cloth
1334,Small Yellow Dot Cloth
1335,Small Cloud Cloth
1336,Small Glowthread Cloth
1337,Small Sweater Cloth
1338,Small Bee Stripe Cloth
1339,Small Western Stripe Cloth
1340,Small Blue Point Cloth
1341,Small Robber Cloth
1342,Small Chainmail Cloth
1343,Small Dark Blue Stripe Cloth
1344,Small Vine Cloth
1345,Small Party Cloth
1346,Small Viva Cloth
1347,Small Nautical Cloth
1348,Small Cactus Zag Cloth
1349,Small Big-Stripe Blue Cloth
1350,Small Big-Stripe Red Cloth
1351,Small Starry Night Cloth
1352,Small Lemon-Lime Cloth
1353,Small Floral Cloth
1354,Small Pink Dot Cloth
1355,Small Dark Eyes Cloth
1356,Small Wind Cloth
1357,Small Shamrock Cloth
1358,Small Bright Stripes Cloth
1359,Small USA Flag Cloth
1360,Small Flannel Cloth
1361,Small Cow Print Cloth
1362,Small Lush Camo Cloth
1363,Small Dark Camo Cloth
1364,Small Teal Crystal Cloth
1365,Small Blue Fireworks Cloth
1366,Small Crisscross Cloth
1367,Small Diamond Cloth
1368,Small Egyptian Cloth
1369,Small Purple Bones Cloth
1370,Small Plaid Cloth
1371,Small Red USA Star Cloth
1372,Small Blue USA Star Cloth
1373,Small USA Star Cloth
1374,Small Purple Stripes Cloth
1375,Small Bright Floral Cloth
1376,Small Clanranald Cloth
1377,Small American Flag Cloth
1378,Small Relief Cloth
1379,Small Intense Clovers Cloth
1380,Small Celtic Knot Cloth
1381,Small Flame Cloth
1382,Small Heavy Chainmail Cloth
1383,Small Leopard Print Cloth
1384,Small Zebra Print Cloth
1385,Small Colored Egg Cloth
1386,Small Spring Cloth
1387,Small Hibiscus Beach Wrap Cloth
1388,Small Blue Camo Cloth
1389,Small Sunburst Cloth
1390,Small Ivory Dragon Scale Cloth
1391,Small Green Dragon Scale Cloth
1392,Small Midnight Dragon Scale Cloth
1393,Small Blue Dragon Scale Cloth
1394,Small Red Dragon Scale Cloth
1395,Small Jester Argyle Cloth
1396,Small Alchemist Cloth
1397,Small Spooky Cloth
1398,Small Mosaic Cloth
1399,Small Blue Bee Cloth
1400,Small Yellow Bee Cloth
1401,Small Red Bee Cloth
1402,Small Stormy Cloth
1403,Small Musical Cloth
1404,Small Digital Navy Camo Cloth
1405,Small Digital Fall Camo Cloth
1406,Small Digital Woods Camo Cloth
1407,Small Digital Arctic Camo Cloth
1408,Small UFO Cloth
1409,Small Foraxian Cloth
1410,Small Katalonian Cloth
1411,Small Untarian Cloth
1412,Small Malogian Cloth
1413,Small Magma Cloth
1414,Small Mixed Lights Cloth
1415,Small Peppermint Cloth
1416,Small Holiday Lights Cloth
1417,Small Snowy Night Cloth
1418,Small Snowflake Cloth
1419,Small Candy Cane Cloth
1420,Sunny Side Bow
1421,Eternal Graved Great Sword
1422,Spriteful Shield
1423,Eggre Battle Armor
1424,Tiara of Eggscellent Sturdiness
1425,Mystery Dye (Accessory)
1426,Mystery Cloth (Large)
1427,Mystery Cloth (Small)
1428,Mystery Skin (Bronze)
1429,Mystery Skin (Silver)
1430,Mystery Skin (Gold)
1431,Mystery Pet Stone (Bronze)
1432,Mystery Pet Stone (Silver)
1433,Mystery Pet Stone (Gold)
1434,Oryxmas Mystery Ability
1435,Oryxmas Mystery Pet Skin
1436,Oryxmas Mystery Gift
1437,Red Goodie Bag
1438,Purple Goodie Bag
1439,Orange Goodie Bag
1440,Green Goodie Bag
1441,Cyan Goodie Bag
1442,Black Goodie Bag
1443,White Goodie Bag
1444,Mystery Key (Bronze)
1445,Mystery Key (Silver)
1446,Mystery Key (Gold)
1447,Mystery Stat Pot
1448,Totally a White Bag
1449,Frozen Wand
1450,Freezing Quiver
1451,Black Cat Egg
1452,Grey Cat Egg
1453,Orange Cat Egg
1454,Tan Cat Egg
1455,Yellow Cat Egg
1456,Brown Pup Egg
1457,Grey Pup Egg
1458,Golden Pup Egg
1459,White Cat Egg
1460,Blue Snail Egg
1461,Grey Wolf Egg
1462,Brown Fox Egg
1463,Green Frog Egg
1464,Lion Egg
1465,Penguin Egg
1466,Sheepdog Egg
1467,Panda Egg
1468,Purple Snail Egg
1469,Black Wolf Egg
1470,Grey Fox Egg
1471,Purple Frog Egg
1472,White Lion Egg
1473,Green Penguin Egg
1474,Golden Sheepdog Egg
1475,Blue Parrot Egg
1476,Chick Egg
1477,Pig Egg
1478,Sea Slurp Egg
1479,Squirrel Egg
1480,Bat Egg
1481,Lil' Ghost Egg
1482,Valentine
1483,Leprechaun Egg
1484,Lil' Oryx Egg
1485,Toucan Egg
1486,Skunk Egg
1487,Mallard Egg
1488,Duck Egg
1489,Eagle Egg
1490,Turtle Egg
1491,Jelly Egg
1492,Bee Egg
1493,Raven Egg
1494,Grape Penguin Egg
1495,Grass Penguin Egg
1496,Elf Egg
1497,Crab Egg
1498,Hamster Egg
1499,Dino Egg
1500,Elephant Egg
1501,Demon Frog Egg
1502,Gargoyle Egg
1503,Gummy Bear Egg
1504,Dragonfly Egg
1505,Lil' Cyclops Egg
1506,Snowy Owl Egg
1507,Turkey Egg
1508,Baby Egg
1509,Baby Dragon Egg
1510,Karate Penguin Red Egg
1511,Karate Penguin Blue Egg
1512,Karate Penguin Yellow Egg
1513,Karate Penguin Purple Egg
1514,Beach Ball
1515,Robobuddy Egg
1516,Snowman Egg
1517,Black Ant Egg
1518,Blue Ant Egg
1519,Green Ant Egg
1520,Red Ant Egg
1521,Purple Ant Egg
1522,Beer Slurp
1523,Peppermint Snail Egg
1524,Relief Oriole Egg
1525,Relief Goldfinch Egg
1526,Relief Bluebird Egg
1527,Relief Cardinal Egg
1528,Werewolf Cub Egg
1529,Tomb Snake Egg
1530,Ninja Cat Egg
1531,Praying Mantis Egg
1532,Dreidel Egg
1533,Reindeer Egg
1534,Koala Egg
1535,USA Eagle Egg
1536,Spirit Egg
1537,Sprite Star Egg
1538,Potion of Attack (SB)
1539,Potion of Defense (SB)
1540,Potion of Speed (SB)
1541,Potion of Vitality (SB)
1542,Potion of Wisdom (SB)
1543,Potion of Dexterity (SB)
1544,Potion of Life (SB)
1545,Potion of Mana (SB)
1546,Olive Gladiator Skin
1547,Ivory Gladiator Skin
1548,Rosen Blade Skin
1549,Djinja Skin
1550,Baby Djinja Skin
1551,St. Patricks Key
1552,Clover Bow
1553,Sword of the Rainbow's End
1554,Enchanted Ice Blade
1555,Staff of Iceblast
1556,Eternal Snowflake Wand
1557,Arctic Bow
1558,Frost Drake Hide Armor
1559,Frost Elementalist Robe
1560,Ice Crown
1561,Frost Citadel Armor
1562,Tome of Frigid Protection
1563,Chinese Dress Trickster Skin
1564,Penguin Knight Skin
1565,Frimar Knight Skin
1566,Frozen King Skin
1567,Blizzard Sorcerer Skin
1568,Ice King Priest Skin
1569,Icicle Dial Mystic Skin
1570,Yuki Onna Mystic Skin
1571,Valentine Launcher
1572,Verdant Larva
1573,Verdant Larva Pet Skin
1574,Ladybug
1575,Ladybug Pet Skin
1576,Warrior - Artist Extraordinaire Skin
1577,Paladin - Artist Extraordinaire Skin
1578,Knight - Artist Extraordinaire Skin
1579,Ninja - Artist Extraordinaire Skin
1580,Archer - Artist Extraordinaire Skin
1581,Rogue - Artist Extraordinaire Skin
1582,Assassin - Artist Extraordinaire Skin
1583,Wizard - Artist Extraordinaire Skin
1584,Necromancer - Artist Extraordinaire Skin
1585,Priest - Artist Extraordinaire Skin
1586,Sorcerer - Artist Extraordinaire Skin
1587,Godlands Teleporter
1588,Huntress - Artist Extraordinaire Skin
1589,Mystic - Artist Extraordinaire Skin
1590,Trickster - Artist Extraordinaire Skin
1591,Wizard - Dungeon Mastermind Skin
1592,Priest - Dungeon Mastermind Skin
1593,Necromancer - Dungeon Mastermind Skin
1594,Sorcerer - Dungeon Mastermind Skin
1595,Mystic - Dungeon Mastermind Skin
1596,Rogue - Dungeon Mastermind Skin
1597,Warrior - Dungeon Mastermind Skin
1598,Assassin - Dungeon Mastermind Skin
1599,Ninja - Dungeon Mastermind Skin
1600,Paladin - Dungeon Mastermind Skin
1601,Knight - Dungeon Mastermind Skin
1602,Trickster - Dungeon Mastermind Skin
1603,Huntress - Dungeon Mastermind Skin
1604,Archer - Dungeon Mastermind Skin
1605,Juliet Trickster Skin
1606,Heartseeker Huntress Skin
1607,Romeo Assassin Skin
1608,Mardi Gras Sorcerer Skin
1609,Carnivalmancer Skin
1610,Helm of the Jack-o'-naut
1611,Halloween Mystery Skin
1612,Halloween Mystery Pet Stone
1613,Ducky Knight Skin
1614,Gardener Ninja Skin
1615,White Bag-chan Priestess Skin
1616,Monkey King Paladin Skin
1617,Cleopatra Priestess Skin
1618,Timelock Mystic Skin
1619,Barefoot Rogue Skin
1620,Autumn Hedgehog
1621,Autumn Hedgehog Pet Skin
1622,Mini Ghost Ship
1623,Mini Ghost Ship Pet Skin
1624,Mini Model Ship
1625,Mini Model Ship Pet Skin
1626,Healbot
1627,Healbot Pet Skin
1628,Sugar Skull
1629,Sugar Skull Pet Skin
1630,Cow
1631,Cow Pet Skin
1632,White Duck
1633,White Duck Pet Skin
1634,Señor Skeleton
1635,Señor Skeleton Pet Skin
1636,Flying Eyeball
1637,Flying Eyeball Pet Skin
1638,Mini Cauldron
1639,Mini Cauldron Pet Skin
1640,Doom's Steed
1641,Little Tiger
1642,Little Tiger Pet Skin
1643,Worm
1644,Worm Pet Skin
1645,Doom's Steed Pet Skin
1646,Lichwyrm
1647,Lichwyrm Pet Skin
1648,Cauldron
1649,Cauldron Pet Skin
1650,Spooky Roommate Wizard Skin
1651,Tennis Player Archer Skin
1652,Beach Assassin Skin
1653,Snorkeler Knight Skin
1654,Beach Party Necromancer Skin
1655,Banana Boat Paladin Skin
1656,Buckethead Warrior Skin
1657,Summer Vacation Wizard Skin
1658,Eagle Eye Hunter Skin
1659,Water Lily Archer Skin
1660,Arms Merchant Assassin Skin
1661,Mark of the Marble Colossus
1662,Mark of the Void Entity
1663,Mark of Malus
1664,Mark of the Effigy
1665,Mark of Dreadstump
1666,Mark of Mama Megamoth
1667,Mark of Arachna
1668,Mark of the Queen Bee
1669,Mark of Mixcoatl
1670,Wand of the Fallen
1671,Kageboshi
1672,Sakura Wakizashi
1673,Bergenia Bow
1674,Lifebringing Lotus
1675,Hollyhock Hide
1676,Chrysanthemum Corsage
1677,Cowboy Samurai Skin
1678,Oni Demon Samurai Skin
1679,Beefcake Brutus Warrior Skin
1680,Bear
1681,Bear Pet Skin
1682,Moose
1683,Moose Pet Skin
1684,Test Guill Spawner
1685,Rogue Mystery Skin
1686,Archer Mystery Skin
1687,Wizard Mystery Skin
1688,Priest Mystery Skin
1689,Warrior Mystery Skin
1690,Knight Mystery Skin
1691,Paladin Mystery Skin
1692,Assassin Mystery Skin
1693,Necromancer Mystery Skin
1694,Huntress Mystery Skin
1695,Mystic Mystery Skin
1696,Trickster Mystery Skin
1697,Sorcerer Mystery Skin
1698,Ninja Mystery Skin
1699,Samurai Mystery Skin
1700,Turtle Pet Skin
1701,Peppermint Snail Pet Skin
1702,Golden Crab Pet Skin
1703,Robobuddy Pet Skin
1704,Redbot Pet Skin
1705,Gutsbot Pet Skin
1706,Cardinal Pet Skin
1707,USA Eagle Pet Skin
1708,Griffin Pet Skin
1709,Sheepdog Pet Skin
1710,Gold Bulldog Pet Skin
1711,Golden Hyena Pet Skin
1712,Elephant Pet Skin
1713,Panda Pet Skin
1714,King Gorilla Pet Skin
1715,Duck Pet Skin
1716,Mallard Pet Skin
1717,Enraged Yak Pet Skin
1718,Tan Cat Pet Skin
1719,White Lion Pet Skin
1720,Tiger Pet Skin
1721,Leprechaun Pet Skin
1722,Red Ant Pet Skin
1723,Bee Pet Skin
1724,Beetleman Pet Skin
1725,Penguin Pet Skin
1726,Karate Purple Pet Skin
1727,Tank Penguin Pet Skin
1728,Dino Pet Skin
1729,Frilled Lizard
1730,Frilled Lizard Pet Skin
1731,Poison Drake Pet Skin
1732,Spirit Pet Skin
1733,Werewolf Cub Pet Skin
1734,Hamster Pet Skin
1735,Snowy Owl Pet Skin
1736,Sprite Star Pet Skin
1737,Gummy Bear Pet Skin
1738,Fire Rooster
1739,Fire Rooster Pet Skin
1740,Rooster of Good Fortune
1741,Rooster of Good Fortune Pet Skin
1742,Red Dragon
1743,Mini Chinese Dragon Pet Skin
1744,Gingerbread Man
1745,Gingerbread Man Pet Skin
1746,Mini Polaris
1747,Mini Polaris Pet Skin
1748,Mini Paper Lantern
1749,Mini Paper Lantern Pet Skin
1750,Paper Lantern
1751,Paper Lantern Pet Skin
1752,Chinese Dragon
1753,Chinese Dragon Pet Skin
1754,Desert Cobra
1755,Desert Cobra Pet Skin
1756,Mini Medusa
1757,Mini Medusa Pet Skin
1758,Mini Djinn
1759,Mini Djinn Pet Skin
1760,Mini Ghost God
1761,Mini Ghost God Pet Skin
1762,Mini Flying Brain
1763,Mini Flying Brain Pet Skin
1764,Mini Beholder
1765,Mini Beholder Pet Skin
1766,Mini Sprite God
1767,Mini Sprite God Pet Skin
1768,Mini Ent God
1769,Mini Ent God Pet Skin
1770,Mini Slime God
1771,Mini Slime God Pet Skin
1772,Mini White Demon
1773,Mini White Demon Pet Skin
1774,Potion of Max Level
1775,Potion of Max Level
1776,Potion of Max Level
1777,Potion of Max Level
1778,Potion of Max Level
1779,Snowy Spawner
1780,FR Test Permakey
1781,Simple Wakizashi
1782,Steel Wakizashi
1783,Crimson Wakizashi
1784,Enforced Wakizashi
1785,Turquoise Wakizashi
1786,Jade-Imbued Wakizashi
1787,Royal Wakizashi
1788,Icicle Launcher
1789,Frost Lich's Finger
1790,Frosty's Walking Stick
1791,Winter's Breath Wand
1792,Saint Nicolas' Blade
1793,Yuki
1794,Santa Trickster Skin
1795,Helping Huntress Skin
1796,Mystic of Christmas Past Skin
1797,Wizard of Christmas Present Skin
1798,Necro of Christmas Yet-to-Come Skin
1799,Snowland Priestess Skin
1800,Frost Raider Warrior Skin
1801,Roguish Business Partner Skin
1802,Snowball Kid Assassin Skin
1803,Mark of the Fountain Spirit
1804,Mark of the Archivist
1805,Santa's Bag
1806,Mark of Septavius
1807,Mark of Malphas
1808,Mark of Gulpord
1809,Mark of Dr Terrible
1810,Mark of the Puppet Master
1811,Mark of Skuld
1812,Mark of Ruthven
1813,Mark of Daichi
1814,Mark of Esben
1815,Mark of Limon
1816,Mark of Thessal
1817,Mark of Geb
1818,Mark of Oryx
1819,Mark of Janus
1820,Mark of the Wyvern
1821,Mark of the Forgotten King
1822,Mark of Shaitan
1823,Mark of Bilgewater
1824,Mark of the Megamoth
1825,Mark of the Killer Bee Queen
1826,Mark of the Son of Arachna
1827,Mark of Stheno
1828,Mark of Davy Jones
1829,Mark of Parasitic Horrors
1830,Egg Omelette
1831,Deathless Crossbow
1832,Quiver of Shrieking Specters
1833,Wraith's Brigandine
1834,Revenant Ring
1835,Reikoku
1836,Jade Beetle
1837,Hirejou Tenne
1838,Heavenly Magatama
1839,Daybreak Chakram
1840,FR God Spawner
1841,Oryx Horde key
1842,Theurgy Wand
1843,Ceremonial Merlot
1844,Anointed Robe
1845,Ring of Pagan Favor
1846,Kazekiri
1847,Kamishimo
1848,Akuma's Tear
1849,Santa's Sleigh
1850,Egg Nog
1851,Fruitcake
1852,Candy Cane
1853,Figgy Pudding
1854,Mistletoe
1855,Ice Castle
1856,Ice Castle
1857,Ice Castle
1858,Ice Castle
1859,Ice Castle
1860,Frost Cake
1861,Blue Ice Candy
1862,Ice Cave Permakey
1863,Inner Sanctum Permakey
1864,Reindeer Food
1865,Oryxmas Rogue Skin
1866,Oryxmas Archer Skin
1867,Oryxmas Wizard Skin
1868,Oryxmas Priest Skin
1869,Oryxmas Warrior Skin
1870,Oryxmas Knight Skin
1871,Oryxmas Paladin Skin
1872,Oryxmas Assassin Skin
1873,Oryxmas Necromancer Skin
1874,Oryxmas Huntress Skin
1875,Oryxmas Mystic Skin
1876,Oryxmas Trickster Skin
1877,Oryxmas Sorcerer Skin
1878,Oryxmas Ninja Skin
1879,Cloak of Winter
1880,Snowbound Orb
1881,Pathfinder's Helm
1882,Coalbearing Quiver
1883,Skull of Krampus
1884,Vigil Spell
1885,Greedsnatcher Trap
1886,Resounding Shield
1887,Ornamental Prism
1888,Nativity Tome
1889,Holly Poison
1890,Advent Seal
1891,Ilex Star
1892,Scepter of Sainthood
1893,Ancient Demon Blade
1894,Orb of Aether
1895,Pillbug
1896,Pillbug Pet Skin
1897,Brown Bulldog
1898,Brown Bulldog Pet Skin
1899,White Bulldog
1900,White Bulldog Pet Skin
1901,Dingo
1902,Dingo Pet Skin
1903,Legacy Etherite Dagger
1904,Legacy Mantle of Skuld
1905,Legacy Ghastly Drape
1906,Legacy Spectral Ring of Horrors
1907,Legacy Sentient Staff
1908,Legacy Robe of Twilight
1909,Legacy Ancient Spell: Pierce
1910,Legacy Forgotten Ring
1911,Mystery ST Shard x1
1912,Mystery ST Shard x2
1913,Mystery ST Shard x3
1914,Mystery ST Shard x4
1915,Mystery ST Shard x5
1916,Mystery ST Shard x6
1917,Mystery ST Shard x7
1918,Mystery ST Shard x8
1919,Mystery ST Shard x9
1920,Mystery ST Shard x10
1921,Mystery ST Shard x11
1922,Mystery ST Shard x12
1923,Mystery ST Shard x13
1924,Mystery ST Shard x14
1925,Mystery ST Shard x15
1926,Red Parrot
1927,Red Parrot Pet Skin
1928,Swashbuckler's Sickle
1929,Tricorne of the High Seas
1930,Naval Uniform
1931,First Mate's Hook
1932,Cannon Cluster Proc
1933,Gold Bar
1934,Forax Weapon Cache
1935,Katalund Weapon Cache
1936,Untaris Weapon Cache
1937,Malogia Weapon Cache
1938,Alien Weapon Cache
1939,Sentient Staff
1940,Ancient Spell: Pierce
1941,The Robe of Twilight
1942,The Forgotten Ring
1943,Cheetah
1944,Cheetah Pet Skin
1945,Jaguar
1946,Jaguar Pet Skin
1947,Skull-splitter Sword
1948,Potion of Health5
1949,Potion of Health6
1950,Chonmage Samurai Skin
1951,Baywatch Samurai Skin
1952,Shark Hunter Ninja Skin
1953,Kilnmaster Samurai Skin
1954,Slime Samurai Skin
1955,Onna Bugeisha Samurai Skin
1956,Potion of Health1
1957,Potion of Health4
1958,Shoveguy Skin
1959,Holy Avenger Skin
1960,Potion of Health3
1961,Ranger Skin
1962,Potion of Health2
1963,Scarlett Skin
1964,Slime Archer Skin
1965,Brigand Skin
1966,Gentleman Skin
1967,Agent Skin
1968,Slime Knight Skin
1969,Slime Priest Skin
1970,Bashing Bride Skin
1971,Eligible Bachelor Skin
1972,Diamond-Bladed Katana
1973,Staff of Adoration
1974,Wand of Budding Romance
1975,Heartfind Dagger
1976,Vinesword
1977,Cupid's Bow
1978,Bella's Key
1979,Slime Wizard Skin
1980,Deadly Vixen Skin
1981,Shaitan's Key
1982,Wand of Egg-cellence
1983,Stanley the Spring Bunny Skin
1984,Staff of the Rising Sun
1985,Nun Skin
1986,Witch Doctor Skin
1987,Sorceress Skin
1988,Artemis Skin
1989,Thousand Suns Spell
1990,Robe of the Summer Solstice
1991,Mystery ST Chest
1992,Beginner Quest Chest
1993,Honeyed Epic Quest Chest
1994,Royal Epic Quest Chest
1995,Marble Epic Quest Chest
1996,Cultish Epic Quest Chest
1997,Voided Epic Quest Chest
1998,Crystallized Epic Quest Chest
1999,Ring of the Burning Sun
2000,Bow of the Morning Star
2001,Sword of the Mad God
2002,Sword of Illumination
2003,Rare Mystery Key
2004,Epic Mystery Key
2005,Legendary Mystery Key
2006,Rare Mystery Pet Skin
2007,Epic Mystery Pet Skin
2008,Legendary Mystery Pet Skin
2009,Platinum Knight Skin
2010,Platinum Warrior Skin
2011,Platinum Rogue Skin
2012,B.B. Wolf Skin
2013,Lil Red Skin
2014,King Knifeula Skin
2015,Nexus no Miko Skin
2016,Wakizashi of Eastern Winds
2017,Drow Trickster Skin
2018,Unstable Anomaly
2019,Precisely Calibrated Stringstick
2020,Barely Attuned Magic Thingy
2021,Lethargic Sentience
2022,Toy Knife
2023,Dagger of the Amethyst Prism
2024,Witch Skin
2025,Almandine Armor of Anger
2026,Almandine Ring of Wrath
2027,Onyx Shield of the Mad God
2028,The Devil Tarot Card
2029,The Sun Tarot Card
2030,Death Tarot Card
2031,The Tower Tarot Card
2032,The Magician Tarot Card
2033,The World Tarot Card
2034,The Chariot Tarot Card
2035,The Moon Tarot Card
2036,Slime Sorcerer Skin
2037,Slime Trickster Skin
2038,Slime Mystic Skin
2039,Slime Huntress Skin
2040,Slime Necromancer Skin
2041,Slime Assassin Skin
2042,Slime Paladin Skin
2043,Slime Rogue Skin
2044,Slime Warrior Skin
2045,Theatre Key
2046,Shendyt of Geb
2047,Geb's Ring of Wisdom
2048,Book of Geb
2049,Wand of Geb
2050,Soulless Robe
2051,Ring of the Covetous Heart
2052,Soul of the Bearer
2053,The Phylactery
2054,Legacy Fairy Plate
2055,Legacy Ring of Pure Wishes
2056,Legacy Seal of the Enchanted Forest
2057,Legacy Pixie-Enchanted Sword
2058,Greater Potion of Attack
2059,Greater Potion of Defense
2060,Greater Potion of Speed
2061,Greater Potion of Vitality
2062,Greater Potion of Wisdom
2063,Greater Potion of Dexterity
2064,Greater Potion of Life
2065,Greater Potion of Mana
2066,Ghost Huntress Skin
2067,Skeleton Warrior Skin
2068,Infected Skin
2069,Candy Corn
2070,Present Dispensing Wand
2071,An Icicle
2072,Staff of Yuletide Carols
2073,Salju
2074,Legendary Mystery Skin
2075,Epic Mystery Skin
2076,Rare Mystery Skin
2077,Parasol Maiden Ninja Skin
2078,Harrowed Slinger Warrior Skin
2079,Wakizashi of Crossing Fires
2080,Oni Paladin Skin
2081,Dual Duelist Ninja Skin
2082,Wicked Dragon Wizard Skin
2083,Ancient Archivist Priest Skin
2084,Magma Dweller Archer Skin
2085,Yin Yang Sorcerer Skin
2086,Ebony Sorcerer Skin
2087,Ivory Priest Skin
2088,Moonlight Elf Huntress Skin
2089,Floomp
2090,Floomp Pet Skin
2091,Vermilion Dragon
2092,Vermilion Dragon Pet Skin
2093,Golden Capricorn
2094,Golden Capricorn Pet Skin
2095,Golden Sagittarius
2096,Golden Sagittarius Pet Skin
2097,Golden Aquarius
2098,Golden Aquarius Pet Skin
2099,Capricorn
2100,Capricorn Pet Skin
2101,Sagittarius
2102,Sagittarius Pet Skin
2103,Aquarius
2104,Aquarius Pet Skin
2105,Bouncing Slime
2106,Bouncing Slime Pet Skin
2107,Mini Pot Of Gold
2108,Mini Pot Of Gold Pet Skin
2109,Leprechaun's Walking Hat
2110,Leprechaun's Walking Hat Pet Skin
2111,Rainbow Rocketeer
2112,Rainbow Rocketeer Pet Skin
2113,Irish Dancer Trickster Skin
2114,Scarecrow Warrior Skin
2115,Paddy's Flying Hat
2116,Rainbow Clover
2117,Templar Knight Skin
2118,Skink Necromancer Skin
2119,Kingsman Cavalry Warrior Skin
2120,Kingsman Guard Knight Skin
2121,Kingsman Armorbearer Paladin Skin
2122,Court Wizard Skin
2123,Demon Summoner Necromancer Skin
2124,Wandering Gypsy Mystic Skin
2125,Village Peasant Trickster Skin
2126,Blackguard Mercenary Assassin Skin
2127,Sensei Ninja Skin
2128,King of Thieves Rogue Skin
2129,Kings Bowman Archer Skin
2130,Forest Tracker Huntress Skin
2131,Carthusian Monk Priest Skin
2132,Royal Sorcerer Skin
2133,Lustrous Champion Knight Skin
2134,Discoverer Sorcerer Skin
2135,Poisson d'Avril Paladin Skin
2136,Rabbit Warrior Skin
2137,Mysterious Wizard Skin
2138,Tuxedo Bird
2139,Tuxedo Bird Pet Skin
2140,Flamingo
2141,Flamingo Pet Skin
2142,Heron
2143,Heron Pet Skin
2144,Angelic Drake
2145,Angelic Drake Pet Skin
2146,Demonic Drake
2147,Demonic Drake Pet Skin
2148,Fusion Golem
2149,Fusion Golem Pet Skin
2150,Vibrant Seadragon
2151,Vibrant Seadragon Pet Skin
2152,Arthro-bot
2153,Arthro-bot Pet Skin
2154,Mini Biff
2155,Mini Biff Pet Skin
2156,Newborn Chick
2157,Newborn Chick Pet Skin
2158,Amazon
2159,Amazon Pet Skin
2160,Party Crow
2161,Party Crow Pet Skin
2162,Honey-bot Ant
2163,Honey-bot Ant Pet Skin
2164,Fountain Child
2165,Fountain Child Pet Skin
2166,Desert Scorpion
2167,Desert Scorpion Pet Skin
2168,Giant Centipede
2169,Giant Centipede Pet Skin
2170,Silver Sky Serpent
2171,Silver Sky Serpent Pet Skin
2172,Butterfly Wizard Skin
2173,Twilight Angler
2174,Twilight Angler Pet Skin
2175,Abyss Goliath
2176,Abyss Goliath Pet Skin
2177,Demonhunter Huntress Skin
2178,Blessed Champion Paladin Skin
2179,Sworded Inquisitor Paladin Skin
2180,Dapper Disguiser Rogue Skin
2181,Wise Elder Sorcerer Skin
2182,Jellyhead Trickster Skin
2183,Heroic Abyss of Demons Key
2184,Heroic Undead Lair Key
2185,Mini Rosen Skin
2186,Mini Geb Skin
2187,Mini Skuld Skin
2188,Mini Oryx Skin
2189,Mini Swoll Skin
2190,Mini Twilight Skin
2191,Mini Phylactery Skin
2192,Mini Thessal Skin
2193,Slurp Knight Skin
2194,Bow of Eternal Frost
2195,Frostbite
2196,Slime Ninja Skin
2197,July Monthly Shard
2198,Candy of Extreme Vitality
2199,Candy of Extreme Wisdom
2200,Candy of Extreme Speed
2201,Candy of Extreme Defense
2202,Candy of Extreme Dexterity
2203,Candy of Extreme Attack
2204,Candy of Extreme Mana
2205,Candy of Extreme Life
2206,Masked Samurai Skin
2207,Little Prince Rogue Skin
2208,Samurai - Future Seeker Tester Skin
2209,Silent Samurai Skin
2210,Little Fox
2211,Little Fox Pet Skin
2212,Mini Beer God
2213,Mini Beer God Pet Skin
2214,Titanium Rex
2215,Titanium Rex Pet Skin
2216,Red Panda
2217,Red Panda Pet Skin
2218,Gargantua
2219,Gargantua Pet Skin
2220,Bone Sigil x1
2221,Bone Sigil x2
2222,Bone Sigil x3
2223,Bone Sigil x4
2224,Bone Sigil x5
2225,Bone Sigil x6
2226,Bone Sigil x7
2227,Bone Sigil x8
2228,Bone Sigil x9
2229,Bone Sigil x10
2230,Bone Sigil x11
2231,Bone Sigil x12
2232,Bone Sigil x13
2233,Bone Sigil x14
2234,Bone Sigil x15
2235,Bone Sigil x16
2236,Bone Sigil x17
2237,Bone Sigil x18
2238,Bone Sigil x19
2239,Bone Sigil x20
2240,Bone Sigil x21
2241,Bone Sigil x22
2242,Bone Sigil x23
2243,Bone Sigil x24
2244,Bone Sigil x25
2245,Santa's Workshop Key
2246,Reindeer Mystery Bag
2247,Crystal Cavern Key
2248,Etherite Dagger
2249,Ghastly Drape
2250,Mantle of Skuld
2251,Spectral Ring of Horrors
2252,Warrior - Cyber Cop Skin
2253,Paladin - Cyber Cop Skin
2254,Knight - Cyber Cop Skin
2255,Ninja - Cyber Cop Skin
2256,Archer - Cyber Cop Skin
2257,Rogue - Cyber Cop Skin
2258,Assassin - Cyber Cop Skin
2259,Wizard - Cyber Cop Skin
2260,Necromancer - Cyber Cop Skin
2261,Priest - Cyber Cop Skin
2262,Sorcerer - Cyber Cop Skin
2263,Huntress - Cyber Cop Skin
2264,Mystic - Cyber Cop Skin
2265,Trickster - Cyber Cop Skin
2266,Samurai - Cyber Cop Skin
2267,Infested Assassin Skin
2268,Stygian Figure Trickster Skin
2269,Wind Samurai Skin
2270,Indecisive Reaper Warrior Skin
2271,Dancer Wizard Skin
2272,Cave Guy Assassin Skin
2273,Cave Girl Mystic Skin
2274,Odyssey Samurai Skin
2275,Indy James Samurai Skin
2276,Masked Ninja Skin
2277,Dante Trickster of the Abyss Skin
2278,Playful Demon Trickster Skin
2279,Fortune Teller Mystic Skin
2280,Mini Horticultural Huntress Skin
2281,Mini Messenger Priest Skin
2282,Mini Pirate King Warrior Skin
2283,The 11th Priest Skin
2284,Quickdraw Cowboy Sorcerer Skin
2285,Moon Maiden Archer Skin
2286,Exiled Princess Rogue Skin
2287,Raven Grandmaster Sorcerer Skin
2288,Bunny Sorcerer Skin
2289,Disgraced Knight Skin
2290,Saber Wielder Warrior Skin
2291,Little Evil Doer Wizard Skin
2292,Shadow Stalker Rogue Skin
2293,Scalette Paladin Skin
2294,Gluhwein
2295,Grog
2296,Cranberry Punch
2297,Demon Frog Skin
2298,Stone Samurai Skin
2299,Oryx Mystery Gift
2300,Topaz Shard x 1
2301,Topaz Shard x 2
2302,Topaz Shard x 3
2303,Topaz Shard x 4
2304,Topaz Shard x 5
2305,Topaz Shard x 6
2306,Topaz Shard x 7
2307,Topaz Shard x 8
2308,Topaz Shard x 9
2309,Topaz Shard x 10
2310,Topaz Gem
2311,White Bounsheep
2312,White Bounsheep Pet Skin
2313,Grey Bounsheep
2314,Grey Bounsheep Pet Skin
2315,Brown Bounsheep
2316,Brown Bounsheep Pet Skin
2317,Bes' Artifact
2318,Bes' Artifact Pet Skin
2319,Geb's Artifact
2320,Geb's Artifact Pet Skin
2321,Nut's Artifact
2322,Nut's Artifact Pet Skin
2323,Beefcake Rogue Skin
2324,Warrior - Future Seeker Tester Skin
2325,Knight - Future Seeker Tester Skin
2326,Paladin - Future Seeker Tester Skin
2327,Rogue - Future Seeker Tester Skin
2328,Assassin - Future Seeker Tester Skin
2329,Trickster - Future Seeker Tester Skin
2330,Ninja - Future Seeker Tester Skin
2331,Wizard - Future Seeker Tester Skin
2332,Necromancer - Future Seeker Tester Skin
2333,Mystic - Future Seeker Tester Skin
2334,Archer - Future Seeker Tester Skin
2335,Huntress - Future Seeker Tester Skin
2336,Priest - Future Seeker Tester Skin
2337,Sorcerer - Future Seeker Tester Skin
2338,Wind Flower Skin
2339,Leprechaun Mystic Skin
2340,Miss Shamrock Wizard Skin
2341,Sheep Warrior Skin
2342,Sheep Rogue Skin
2343,Sheep Wizard Skin
2344,Sheep Archer Skin
2345,Sheep Priest Skin
2346,Lil' Bo-Peep Mystic Skin
2347,The Flamingo Wizard Skin
2348,Mini Stheno Skin
2349,Dr. Spellbomb Skin
2350,Iron Maiden Skin
2351,Explorer Skin
2352,Mini Nut Archer Skin
2353,Crystal of Fortune x1
2354,Crystal of Fortune x2
2355,Crystal of Fortune x3
2356,Crystal of Fortune x4
2357,Crystal of Fortune x5
2358,Crystal of Fortune x6
2359,Crystal of Fortune x7
2360,Crystal of Fortune x8
2361,Crystal of Fortune x9
2362,Crystal of Fortune x10
2363,Crystal of Fortune x11
2364,Crystal of Fortune x12
2365,Crystal of Fortune x13
2366,Crystal of Fortune x14
2367,Crystal of Fortune x15
2368,Crystal of Fortune x16
2369,Crystal of Fortune x17
2370,Crystal of Fortune x18
2371,Crystal of Fortune x19
2372,Crystal of Fortune x20
2373,Diamond Mystery Key
2374,Ruby Mystery Key
2375,Emerald Mystery Key
2376,Secluded Thicket Key
2377,Tezcacoatl's Tail
2378,Sealed Crystal Skull
2379,Penetrating Blast Spell
2380,Tlatoani's Shroud
2381,Draconis Potion
2382,Father Time Priest Skin
2383,Amazonian Huntress Skin
2384,Merlin Wizard Skin
2385,Death Mage Necromancer Skin
2386,Warlock Sorcerer Skin
2387,Seer Mystic Skin
2388,Juggernaut Warrior Skin
2389,Knight of the Round Knight Skin
2390,Cupid Archer Skin
2391,Decorated Paladin Skin
2392,Bandit Rogue Skin
2393,Stealth Assassin Skin
2394,Loki Trickster Skin
2395,Shadow Ninja Skin
2396,Skelly Penguin
2397,Skelly Penguin Pet Skin
2398,Reticulated Longuin
2399,Reticulated Longuin Pet Skin
2400,Transcendent Penguin
2401,Transcendent Penguin Pet Skin
2402,Aeronautical Penguin
2403,Aeronautical Penguin Pet Skin
2404,Soul Spark x1
2405,Soul Spark x2
2406,Soul Spark x3
2407,Soul Spark x4
2408,Soul Spark x5
2409,Soul Spark x6
2410,Soul Spark x7
2411,Soul Spark x8
2412,Soul Spark x9
2413,Soul Spark x10
2414,Soul Spark x11
2415,Soul Spark x12
2416,Soul Spark x13
2417,Soul Spark x14
2418,Soul Spark x15
2419,Soul Spark x16
2420,Soul Spark x17
2421,Soul Spark x18
2422,Soul Spark x19
2423,Soul Spark x20
2424,Soul Spark x21
2425,Soul Spark x22
2426,Soul Spark x23
2427,Soul Spark x24
2428,Soul Spark x25
2429,Good Mask Spirit
2430,Good Mask Spirit Pet Skin
2431,Evil Mask Spirit
2432,Evil Mask Spirit Pet Skin
2433,Greaterhosen
2434,Mighty Stein
2435,Small Carrot
2436,Carrot
2437,Top Hat
2438,Santa Hat
2439,Green Striped Scarf
2440,Red Striped Scarf
2441,Coal
2442,Tree branch
2443,XN Test Sn Base
2444,Test Dropper
2445,Candy of Ominous Spells
2446,Amethyst Shard x 1
2447,Amethyst Shard x 2
2448,Amethyst Shard x 3
2449,Amethyst Shard x 4
2450,Amethyst Shard x 5
2451,Amethyst Shard x 6
2452,Amethyst Shard x 7
2453,Amethyst Shard x 8
2454,Amethyst Shard x 9
2455,Amethyst Shard x 10
2456,Amethyst Gem
2457,Foreign General Samurai Skin
2458,Chest Coupon x 1
2459,Chest Coupon x 2
2460,Chest Coupon x 3
2461,Chest Coupon x 4
2462,Chest Coupon x 5
2463,Char Slot Coupon x 1
2464,Char Slot Coupon x 2
2465,Char Slot Coupon x 3
2466,Char Slot Coupon x 4
2467,Char Slot Coupon x 5
2468,Shoveguy Skin (SB)
2469,B.B. Wolf Skin (SB)
2470,Agent Skin (SB)
2471,Brigand Skin (SB)
2472,Sorceress Skin (SB)
2473,Iceman Skin (SB)
2474,Scarlett Skin (SB)
2475,Lil Red Skin (SB)
2476,Platinum Warrior Skin (SB)
2477,Ranger Skin (SB)
2478,Huntsman Skin (SB)
2479,Holy Avenger Skin (SB)
2480,Hunchback Skin (SB)
2481,Witch Doctor Skin (SB)
2482,Nun Skin (SB)
2483,Witch Skin (SB)
2484,Artemis Skin (SB)
2485,Bashing Bride Skin (SB)
2486,Eligible Bachelor Skin (SB)
2487,Dark Elf Huntress Skin (SB)
2488,Drow Trickster Skin (SB)
2489,Ascended Sorcerer Skin (SB)
2490,King Knifeula Skin (SB)
2491,Platinum Knight Skin (SB)
2492,Platinum Rogue Skin (SB)
2493,Deadly Vixen Skin (SB)
2494,Mini Sphinx Pet Skin
2495,Mini Crystal Steed Pet Skin
2496,Carnivorous Plant Pet Skin
2497,Knight Companion Pet Skin
2498,Mr Cactus Jr. Pet Skin
2499,Mr Cactus Pet Skin
2500,Mystic Emeritus Skin
2501,Silver Ninja Skin
2502,Woodland Huntress Skin
2503,Bunny Trickster Skin
2504,Shrine Priestess Skin
2505,Red Outlaw Skin
2506,Shadow Mage Skin
2507,Shield Maiden Skin
2508,Hermit Wizard Skin
2509,Greater Suspicious Milk Bottle
2510,Greater Suspicious Milk Bottle
2511,Greater Suspicious Milk Bottle
2512,Mini Sphinx
2513,Mini Crystal Steed
2514,Carnivorous Plant
2515,Knight Companion
2516,Mr Cactus Jr.
2517,Mr Cactus
2518,Crystal of Extreme Fortune x1
2519,Crystal of Extreme Fortune x2
2520,Crystal of Extreme Fortune x3
2521,Crystal of Extreme Fortune x4
2522,Crystal of Extreme Fortune x5
2523,Crystal of Extreme Fortune x6
2524,Crystal of Extreme Fortune x7
2525,Crystal of Extreme Fortune x8
2526,Crystal of Extreme Fortune x9
2527,Crystal of Extreme Fortune x10
2528,Crystal of Extreme Fortune x11
2529,Crystal of Extreme Fortune x12
2530,Crystal of Extreme Fortune x13
2531,Crystal of Extreme Fortune x14
2532,Crystal of Extreme Fortune x15
2533,Crystal of Extreme Fortune x16
2534,Crystal of Extreme Fortune x17
2535,Crystal of Extreme Fortune x18
2536,Crystal of Extreme Fortune x19
2537,Crystal of Extreme Fortune x20
2538,Keychain Cutlass
2539,Crystal Key
2540,Crystal Key Proc
2541,Mimicry Trap
2542,Prismimic
2543,Markswoman Huntress Skin
2544,Elf Archer Skin
2545,Ordinary Magician Skin
2546,Heroic Knight Skin
2547,Ancient Sorcerer Skin
2548,Dark Elf Assassin Skin
2549,Mini Limon
2550,Mini Limon Pet Skin
2551,Cunning Sorcerer Skin
2552,Beach Trickster Skin
2553,Hula Mystic Skin
2554,Redcoat Assassin Skin
2555,Patriot Paladin Skin
2556,Swimsuit Mystic Skin
2557,Swimsuit Huntress Skin
2558,Swimsuit Trickster Skin
2559,Slashing Beauty Ninja Skin
2560,Sunflower Archer Skin
2561,Thief Queen Skin
2562,Mini Queen Bee Huntress Skin
2563,Bard Priestess Skin
2564,Princess Warrior Skin
2565,Light Cavalry Warrior Skin
2566,Clockwork Mystic Skin
2567,Twilight Acolyte Rogue Skin
2568,Ethereal Princess Archer Skin
2569,Antique Diver Knight Skin
2570,Guerilla Archer Skin
2571,Ordinary Box Rogue Skin
2572,Lifeguard Priest Skin
2573,Stone Rogue Skin
2574,Stone Archer Skin
2575,Stone Wizard Skin
2576,Stone Priest Skin
2577,Stone Warrior Skin
2578,Stone Knight Skin
2579,Stone Paladin Skin
2580,Stone Assassin Skin
2581,Stone Necromancer Skin
2582,Stone Huntress Skin
2583,Stone Mystic Skin
2584,Stone Trickster Skin
2585,Stone Sorcerer Skin
2586,Stone Ninja Skin
2587,Voodoo Magus Necromancer Skin
2588,Mini Stone Oryx
2589,Mini Stone Oryx Pet Skin
2590,Mini Gigacorn
2591,Mini Gigacorn Pet Skin
2592,Mini Creampuff
2593,Mini Creampuff Pet Skin
2594,Mini Desire Troll
2595,Mini Desire Troll Pet Skin
2596,Mini Rototo
2597,Mini Rototo Pet Skin
2598,Mini Flying Stheno
2599,Mini Flying Stheno Pet Skin
2600,Surfing Bro
2601,Surfing Bro Pet Skin
2602,Undine Sorcerer Skin
2603,Lodestar Warrior Skin
2604,Alice Assassin Skin
2605,Mad Hatter Trickster Skin
2606,Queen Of Hearts Sorcerer Skin
2607,Mad Dwarf Paladin Skin
2608,Beachcake Rogue Skin
2609,Athena Warrior Skin
2610,Valkyrie Paladin Skin
2611,Nameless Sorcerer Skin
2612,Mini Ghost King
2613,Mini Ghost King Pet Skin
2614,Robo Brain
2615,Robo Brain Pet Skin
2616,Baby Orange Drake
2617,Baby Orange Drake Pet Skin
2618,Baby Yellow Drake
2619,Baby Yellow Drake Pet Skin
2620,Baby White Drake
2621,Baby White Drake Pet Skin
2622,Baby Green Drake
2623,Baby Green Drake Pet Skin
2624,Mini Leviathan
2625,Mini Leviathan Pet Skin
2626,Baby Blue Drake
2627,Baby Blue Drake Pet Skin
2628,Baby Purple Drake
2629,Baby Purple Drake Pet Skin
2630,Mini Golem Trickster Skin
2631,Thunder God Sorcerer Skin
2632,HP Pot Pet
2633,HP Pot Pet Skin
2634,MP Pot Pet
2635,MP Pot Pet Skin
2636,Soubrette Trickster Skin
2637,Drake Hunter Skin
2638,Pharaoh Ninja Skin
2639,Heartless Necromancer Skin
2640,Plague Doctor Assassin Skin
2641,Jack-o-mancer Skin
2642,Mini Malus Sorcerer Skin
2643,Knight Lady Skin
2644,Hollow Prince Necromancer Skin
2645,Kabuki Ninja Skin
2646,Candle Maid Sorceress Skin
2647,Cleaner Maid Paladin Skin
2648,Chu-Ko-Nu Archer Skin
2649,Dark Rider Ninja Skin
2650,Monster Hunter Knight Skin
2651,Pandora Priestess Skin
2652,Living Armor Warrior Skin
2653,Underworld Archer Skin
2654,Apprentice Wizard Skin
2655,Grand Enchantress Mystic Skin
2656,Lady Violetta Necromancer Skin
2657,Bruno the Rogue Steward Skin
2658,Misery Ghost Bride Huntress Skin
2659,Vampire Groom Assassin Skin
2660,Haunted Knight Skin
2661,Turkey Rogue Skin
2662,Adorable Lil' Warrior Skin
2663,Nerd Paladin Skin
2664,Crowned Penguin
2665,Crowned Penguin Pet Skin
2666,Mini Void Entity
2667,Mini Void Entity Pet Skin
2668,Hoverbot
2669,Hoverbot Pet Skin
2670,Zombie Dog
2671,Zombie Dog Pet Skin
2672,Green Whale
2673,Green Whale Pet Skin
2674,Pumpking's Head
2675,Pumpking's Head Pet Skin
2676,Schankmaid Assassin Skin
2677,Catrina Necromancer Skin
2678,Lunar Mystic Skin
2679,Sunrise Hunter Skin
2680,Heartless Dodger Rogue Skin
2681,Heart Thief Necromancer Skin
2682,Manticore
2683,Manticore Pet Skin
2684,Flying Pig
2685,Flying Pig Pet Skin
2686,Double Viper
2687,Double Viper Pet Skin
2688,Black Hellhound
2689,Black Hellhound Pet Skin
2690,Deerigator
2691,Deerigator Pet Skin
2692,Moon Bunny
2693,Moon Bunny Pet Skin
2694,Hungry Pumpkin
2695,Hungry Pumpkin Pet Skin
2696,Evil Ghost
2697,Evil Ghost Pet Skin
2698,Spooky Boi
2699,Spooky Boi Pet Skin
2700,Walking Grave
2701,Walking Grave Pet Skin
2702,Gladiator Skin
2703,Haunted Robe Skin
2704,Oryxmas Samurai Skin
2705,Forax Fragment x1
2706,Forax Fragment x2
2707,Forax Fragment x3
2708,Forax Fragment x4
2709,Forax Fragment x5
2710,Forax Fragment x6
2711,Forax Fragment x7
2712,Forax Fragment x8
2713,Forax Fragment x9
2714,Forax Fragment x10
2715,Forax Fragment x11
2716,Forax Fragment x12
2717,Forax Fragment x13
2718,Forax Fragment x14
2719,Forax Fragment x15
2720,Forax Fragment x16
2721,Forax Fragment x17
2722,Forax Fragment x18
2723,Forax Fragment x19
2724,Forax Fragment x20
2725,Forax Fragment x21
2726,Forax Fragment x22
2727,Forax Fragment x23
2728,Forax Fragment x24
2729,Forax Fragment x25
2730,Mini Lord
2731,Mini Lord Pet Skin
2732,Mini Tornado
2733,Mini Tornado Pet Skin
2734,Wooden Burrito
2735,Wooden Burrito Pet Skin
2736,Mini Nikao
2737,Mini Nikao Pet Skin
2738,Lil' Davy
2739,Lil' Davy Pet Skin
2740,Maneki-neko
2741,Maneki-neko Pet Skin
2742,Jade Storm
2743,Cloak of the Mad God
2744,Shield of Flowing Clarity
2745,Random Spell Extraction Device
2746,Krathana
2747,Silex's Hammer
2748,Mercy's Bane
2749,Bloodstone Ring
2750,Champion's Bastion
2751,Oryx's Greatsword
2752,Shard of the Mad God x1
2753,Shard of the Mad God x2
2754,Shard of the Mad God x3
2755,Shard of the Mad God x4
2756,Shard of the Mad God x5
2757,Shard of the Mad God x6
2758,Shard of the Mad God x7
2759,Shard of the Mad God x8
2760,Shard of the Mad God x9
2761,Shard of the Mad God x10
2762,Shard of the Mad God x11
2763,Shard of the Mad God x12
2764,Shard of the Mad God x13
2765,Shard of the Mad God x14
2766,Shard of the Mad God x15
2767,Shard of the Mad God x16
2768,Shard of the Mad God x17
2769,Shard of the Mad God x18
2770,Shard of the Mad God x19
2771,Shard of the Mad God x20
2772,Shard of the Mad God x21
2773,Shard of the Mad God x22
2774,Shard of the Mad God x23
2775,Shard of the Mad God x24
2776,Shard of the Mad God x25
2777,Shard of the Doorwarden x1
2778,Shard of the Doorwarden x2
2779,Shard of the Doorwarden x3
2780,Shard of the Doorwarden x4
2781,Shard of the Doorwarden x5
2782,Shard of the Doorwarden x6
2783,Shard of the Doorwarden x7
2784,Shard of the Doorwarden x8
2785,Shard of the Doorwarden x9
2786,Shard of the Doorwarden x10
2787,Shard of the Doorwarden x11
2788,Shard of the Doorwarden x12
2789,Shard of the Doorwarden x13
2790,Shard of the Doorwarden x14
2791,Shard of the Doorwarden x15
2792,Shard of the Doorwarden x16
2793,Shard of the Doorwarden x17
2794,Shard of the Doorwarden x18
2795,Shard of the Doorwarden x19
2796,Shard of the Doorwarden x20
2797,Shard of the Doorwarden x21
2798,Shard of the Doorwarden x22
2799,Shard of the Doorwarden x23
2800,Shard of the Doorwarden x24
2801,Shard of the Doorwarden x25
2802,Shard of the Doorwarden x26
2803,Shard of the Doorwarden x27
2804,Shard of the Doorwarden x28
2805,Shard of the Doorwarden x29
2806,Shard of the Doorwarden x30
2807,Shard of the Doorwarden x31
2808,Shard of the Doorwarden x32
2809,Shard of the Doorwarden x33
2810,Shard of the Doorwarden x34
2811,Shard of the Doorwarden x35
2812,Lost Halls PermaKey
2813,Feed
2814,SuperFame
2815,Treasure Map
2816,April's O
2817,April's R
2818,April's Y
2819,April's X
2820,Holy Guide Priest Skin
2821,Jiangshi Trickster Skin
2822,Royal Champion Samurai Skin
2823,Armored Champion Warrior Skin
2824,Time Traveler Trickster Skin
2825,Skeleton Knight Skin
2826,Skeleton Archer Skin
2827,Scrooge Priest Skin
2828,Glacius Knight Skin
2829,Guillotiner Samurai Skin
2830,Bolt Caster Wizard Skin
2831,Spellmaster Wizard Skin
2832,Archbishop Priest Skin
2833,Hero Paladin Skin
2834,Scorpion Hunter Rogue Skin
2835,Night Elf Queen Trickster Skin
2836,Mini Raijin Skin
2837,Easter Mystery Gift
2838,Electronic Scholar Sorcerer Skin
2839,Queen of Misrule Trickster Skin
2840,Morris Dancer Priest Skin
2841,Fire Goddess Mystic Skin
2842,Moss Magus Wizard Skin
2843,Mini Ghost Archer Skin
2844,Pirate Chief Warrior Skin
2845,Dragon Skull Necromancer Skin
2846,Doctor Priest Skin
2847,Astronaut Knight Skin
2848,Lost Lands Knight Skin
2849,Mini Totalia Mystic Skin
2850,Space Smuggler Rogue Skin
2851,Exploratory Bot Paladin Skin
2852,Shroom Warrior Skin
2853,Plague Necromancer Skin
2854,Angler Wizard Skin
2855,Lighthouse Keeper Paladin Skin
2856,Miner Warrior Skin
2857,Brandon the Fish Trickster Skin
2858,Haunted Doll Trickster Skin
2859,Lazy Skeleton Assassin Skin
2860,Locomotive Knight Skin
2861,Demon Girl Samurai Skin
2862,Urglemancer Mystic Skin
2863,Chinese Princess Warrior Skin
2864,Keyper Paladin Skin
2865,Tattooed Yakuza Samurai Skin
2866,King Skin of the Toys
2867,King Skin of the Toys Pet Skin
2868,Festive Slurp
2869,Festive Slurp Pet Skin
2870,Holiday Penguin
2871,Holiday Penguin Pet Skin
2872,Young Elk
2873,Young Elk Pet Skin
2874,Krampus
2875,Krampus Pet Skin
2876,Giant Sword Warrior Skin
2877,Champagne Lady Assassin Skin
2878,Halberdier Paladin Skin
2879,Lunar High Priestess Skin
2880,Dionysus Priest Skin
2881,Lone Rogue Skin
2882,Wise Swine Knight Skin
2883,Sand Monk Warrior Skin
2884,Egg Monster
2885,Egg Monster Pet Skin
2886,Peacock
2887,Peacock Pet Skin
2888,Tricycle Bot
2889,Tricycle Bot Pet Skin
2890,Mini Candy Gnome
2891,Mini Candy Gnome Pet Skin
2892,Lil' Mummy
2893,Lil' Mummy Pet Skin
2894,Parasaurolophus
2895,Parasaurolophus Pet Skin
2896,Lambeosaurus
2897,Lambeosaurus Pet Skin
2898,Gnome Trickster Skin
2899,Veteran of 2017
2900,Guiding Spirit
2901,Guiding Spirit Pet Skin
2902,Energy Potato
2903,Aphrodite Mystic Skin
2904,Raccoon Rogue Skin
2905,Raven Archer Skin
2906,Bunny Magician Skin
2907,Panda Priest Skin
2908,Penguin Warrior Skin
2909,Turtle Knight Skin
2910,Mouse Paladin Skin
2911,Blue Frog Assassin Skin
2912,Anubis Necromancer Skin
2913,Reptilian Hunter Skin
2914,Mystical Owl Skin
2915,Fox Trickster Skin
2916,Piglet Sorcerer Skin
2917,Feline Blade Ninja Skin
2918,Red Heart
2919,Red Heart Pet Skin
2920,Pink Heart
2921,Pink Heart Pet Skin
2922,Mini Pegasus
2923,Mini Pegasus Pet Skin
2924,Prince Frog
2925,Prince Frog Pet Skin
2926,Lovebird
2927,Mystery ST Skin Shard x1
2928,Mystery ST Skin Shard x2
2929,Mystery ST Skin Shard x3
2930,Mystery ST Skin Shard x4
2931,Mystery ST Skin Shard x5
2932,Mystery ST Skin Shard x6
2933,Mystery ST Skin Shard x7
2934,Mystery ST Skin Shard x8
2935,Mystery ST Skin Shard x9
2936,Mystery ST Skin Shard x10
2937,Mystery ST Skin Shard x11
2938,Mystery ST Skin Shard x12
2939,Mystery ST Skin Shard x13
2940,Mystery ST Skin Shard x14
2941,Mystery ST Skin Shard x15
2942,Marid
2943,Soul's Guidance
2944,Sir Bagston
2945,Bagston Pet Skin
2946,Goldy
2947,Goldy Pet Skin
2948,Jaco
2949,Jaco Pet Skin
2950,Lovebird Pet Skin
2951,Rat
2952,Rat Pet Skin
2953,Goldfish
2954,Goldfish Pet Skin
2955,Giant Monarch
2956,Giant Monarch Pet Skin
2957,Zodiac Dog
2958,Zodiac Dog Pet Skin
2959,Silex Almighty Knight Skin
2960,Random Mad Scientist Skin
2961,Krathman Skin
2962,Supreme Token
2963,Cupid's Garments
2964,Ring of Unbound Love
2965,Heartstruck Bow
2966,Quiver of Dazing Love
2967,World Turtles
2968,World Turtles Pet Skin
2969,Mad Pass
2970,Emblem of Quest 1
2971,Emblem of Quest 2
2972,Emblem of Quest 3
2973,Emblem of Quest 4
2974,Emblem of Quest 5
2975,Emblem of Quest 6
2976,Emblem of Quest 7
2977,Mystery ST Crate
2978,Emblem of Event Quest 1
2979,Emblem of Event Quest 2
2980,Mystery Priest ST Crate
2981,Mystery Warrior ST Crate
2982,Mystery Huntress ST Crate
2983,War STory Chest
2984,Sapphire Shard x 1
2985,Sapphire Shard x 2
2986,Sapphire Shard x 3
2987,Sapphire Shard x 4
2988,Sapphire Shard x 5
2989,Sapphire Shard x 6
2990,Sapphire Shard x 7
2991,Sapphire Shard x 8
2992,Sapphire Shard x 9
2993,Sapphire Shard x 10
2994,Sapphire Gem
2995,Alien Core: Power
2996,Foramite Staff
2997,Comet of Calamity
2998,Gaseous Glaive
2999,Acidic Slasher
3000,Fire Blade
3001,Moonbeam Blade
3002,Blazon Bow
3003,Sun's Judgement
3004,Corrosion Cutter
3005,Dueling Daggers
3006,Warlord Wand
3007,Snowblind Wand
3008,Alien Core: Warp
3009,Alien Core: Corrosion
3010,Alien Core: Dark Matter
3011,Metal Scrap x1
3012,Metal Scrap x2
3013,Metal Scrap x3
3014,Metal Scrap x4
3015,Metal Scrap x5
3016,Metal Scrap x6
3017,Metal Scrap x7
3018,Metal Scrap x8
3019,Metal Scrap x9
3020,Metal Scrap x10
3021,Metal Scrap x11
3022,Metal Scrap x12
3023,Metal Scrap x13
3024,Metal Scrap x14
3025,Metal Scrap x15
3026,Metal Scrap x16
3027,Metal Scrap x17
3028,Metal Scrap x18
3029,Metal Scrap x19
3030,Metal Scrap x20
3031,Metal Scrap x21
3032,Metal Scrap x22
3033,Metal Scrap x23
3034,Metal Scrap x24
3035,Metal Scrap x25
3036,Maize Machete
3037,Pumpkin Prism
3038,Withered Poncho
3039,Burlap Hat
3040,Bone Bow
3041,Spinal Quiver
3042,Torso Tunic
3043,Collarbone Collar
3044,Hellfire Broadsword
3045,Sacrilege Seal
3046,Tormentor's Chainmail
3047,Horned Ring
3048,Stygian Torch
3049,Orb of the Sabbath
3050,Robe of the Enchantress
3051,Witch's Brooch
3052,Demon Pumpkin
3053,Witch's Skull
3054,Supernatural Staff
3055,Spectral Spell
3056,Immortal Mantle
3057,Phantom Pendant
3058,Caramel Apple
3059,Candy Apple
3060,Sugar Gummy Worm
3061,Rainbow Gummy Worm
3062,Eyecicle
3063,Chocolate Bar
3064,Greater Zombie Bottle
3065,Greater Zombie Bottle
3066,Greater Zombie Bottle
3067,Greater Bat Bottle
3068,Greater Bat Bottle
3069,Greater Bat Bottle
3070,Greater Ghost Bottle
3071,Greater Ghost Bottle
3072,Greater Ghost Bottle
3073,Zombie Bottle
3074,Bat Bottle
3075,Ghost Bottle
3076,Phantasm Dirk
3077,Oryxmas Ornament: Energized
3078,Oryxmas Ornament: Weak
3079,Oryxmas Ornament: Exposed
3080,Ornaments of Unity
3081,Oryxmas Mystery Armor
3082,Guild Present
3083,GC Encounter Key
3084,Ocean Trench Enchanted Key
3085,The Crawling Depths Enchanted Key
3086,Deadwater Docks Enchanted Key
3087,Woodland Labyrinth Enchanted Key
3088,Ice Tomb Enchanted Key
3089,Cemetery Enchanted Key
3090,Fungal Cavern Key
3091,Ice Cave Enchanted Key
3092,Lost Halls Key
3093,Mark of the Crystal Entity
3094,Henchman's Claymore
3095,Tyrant's Wand
3096,Predator Bow
3097,Bounty Hunter's Dagger
3098,Oppressor's Staff
3099,Blade of the Assailant
3100,Katalund Fragment x1
3101,Katalund Fragment x2
3102,Katalund Fragment x3
3103,Katalund Fragment x4
3104,Katalund Fragment x5
3105,Katalund Fragment x6
3106,Katalund Fragment x7
3107,Katalund Fragment x8
3108,Katalund Fragment x9
3109,Katalund Fragment x10
3110,Katalund Fragment x11
3111,Katalund Fragment x12
3112,Katalund Fragment x13
3113,Katalund Fragment x14
3114,Katalund Fragment x15
3115,Katalund Fragment x16
3116,Katalund Fragment x17
3117,Katalund Fragment x18
3118,Katalund Fragment x19
3119,Katalund Fragment x20
3120,Katalund Fragment x21
3121,Katalund Fragment x22
3122,Katalund Fragment x23
3123,Katalund Fragment x24
3124,Katalund Fragment x25
3125,Stanley the Spring Bunny Skin (SB)
3126,Untaris Fragment x1
3127,Untaris Fragment x2
3128,Untaris Fragment x3
3129,Untaris Fragment x4
3130,Untaris Fragment x5
3131,Untaris Fragment x6
3132,Untaris Fragment x7
3133,Untaris Fragment x8
3134,Untaris Fragment x9
3135,Untaris Fragment x10
3136,Untaris Fragment x11
3137,Untaris Fragment x12
3138,Untaris Fragment x13
3139,Untaris Fragment x14
3140,Untaris Fragment x15
3141,Untaris Fragment x16
3142,Untaris Fragment x17
3143,Untaris Fragment x18
3144,Untaris Fragment x19
3145,Untaris Fragment x20
3146,Untaris Fragment x21
3147,Untaris Fragment x22
3148,Untaris Fragment x23
3149,Untaris Fragment x24
3150,Untaris Fragment x25
3151,Daichi key
3152,Mini Horrific Sorcerer Skin
3153,Mouthwatering Melon
3154,Testosterone
3155,Morpho
3156,Morpho Pet Skin
3157,Totalia Summoner
3158,Universal Fragment x1
3159,Universal Fragment x2
3160,Universal Fragment x3
3161,Universal Fragment x4
3162,Universal Fragment x5
3163,Universal Fragment x6
3164,Universal Fragment x7
3165,Universal Fragment x8
3166,Universal Fragment x9
3167,Universal Fragment x10
3168,Universal Fragment x11
3169,Universal Fragment x12
3170,Universal Fragment x13
3171,Universal Fragment x14
3172,Universal Fragment x15
3173,Universal Fragment x16
3174,Universal Fragment x17
3175,Universal Fragment x18
3176,Universal Fragment x19
3177,Universal Fragment x20
3178,Dank Sewer Key
3179,Sewer Cocktail
3180,Void Blade
3181,Murky Toxin
3182,Living Tree
3183,Living Tree Pet Skin
3184,Chinchilla
3185,Chinchilla Pet Skin
3186,Golden Chess Piece
3187,Golden Chess Piece Pet Skin
3188,Sprout Slime
3189,Sprout Slime Pet Skin
3190,Cursed Coin x1
3191,Cursed Coin x2
3192,Cursed Coin x3
3193,Cursed Coin x4
3194,Cursed Coin x5
3195,Cursed Coin x6
3196,Cursed Coin x7
3197,Cursed Coin x8
3198,Cursed Coin x9
3199,Cursed Coin x10
3200,Cursed Coin x11
3201,Cursed Coin x12
3202,Cursed Coin x13
3203,Cursed Coin x14
3204,Cursed Coin x15
3205,Cursed Coin x16
3206,Cursed Coin x17
3207,Cursed Coin x18
3208,Cursed Coin x19
3209,Cursed Coin x20
3210,Cursed Coin x21
3211,Cursed Coin x22
3212,Cursed Coin x23
3213,Cursed Coin x24
3214,Cursed Coin x25
3215,Fungal Cavern Guild Key
3216,Tomb of the Ancients Guild Key
3217,The Nest Guild Key
3218,Draconis Guild Key
3219,Ocean Trench Guild Key
3220,Cemetery Guild Key
3221,Lost Halls Key
3222,Shatters Guild Key
3223,Mountain Temple Guild Key
3224,Lizardman Warrior Skin
3225,Cloaked Ascendant Rogue Skin
3226,Old Man Wizard Skin
3227,Singer Warrior Skin
3228,Grail Warden Knight Skin
3229,Samurai - Artist Extraordinaire Skin
3230,Samurai - Dungeon Mastermind Skin
3231,Shogun Samurai Skin
3232,Airflow Samurai Skin
3233,Peddler Assassin Skin
3234,Masked Rogue Skin
3235,Cyberpunk Samurai Skin
3236,Sushi Chef Samurai Skin
3237,Vampire Beast Rogue Skin
3238,Gravekeeper Assassin Skin
3239,Cultist of Unknown Origin Skin
3240,Supporter Extraordinaire - Warrior Skin
3241,Supporter Extraordinaire - Paladin Skin
3242,Supporter Extraordinaire - Samurai Skin
3243,Supporter Extraordinaire - Knight Skin
3244,Supporter Extraordinaire - Ninja Skin
3245,Supporter Extraordinaire - Archer Skin
3246,Supporter Extraordinaire - Rogue Skin
3247,Supporter Extraordinaire - Assassin Skin
3248,Supporter Extraordinaire - Wizard Skin
3249,Supporter Extraordinaire - Necromancer Skin
3250,Supporter Extraordinaire - Priest Skin
3251,Supporter Extraordinaire - Sorcerer Skin
3252,Supporter Extraordinaire - Huntress Skin
3253,Supporter Extraordinaire - Mystic Skin
3254,Supporter Extraordinaire - Trickster Skin
3255,Gravekeeper Hunter Skin
3256,Gravekeeper Warrior Skin
3257,Ankou Rogue Skin
3258,Suspicious Milk Bottle
3259,Trap of the Blood Spirit
3260,Orb of Terror
3261,Mystery ST Skin
3262,Mystery Summer Skin
3263,Golden Lucky Clover
3264,Bronze Reward Chest
3265,Silver Reward Chest
3266,Gold Reward Chest
3267,Platinum Reward Chest
3268,Crystal Fragment x1
3269,Crystal Fragment x2
3270,Crystal Fragment x3
3271,Crystal Fragment x4
3272,Crystal Fragment x5
3273,Crystal Fragment x6
3274,Crystal Fragment x7
3275,Crystal Fragment x8
3276,Crystal Fragment x9
3277,Crystal Fragment x10
3278,Crystal Fragment x11
3279,Crystal Fragment x12
3280,Crystal Fragment x13
3281,Crystal Fragment x14
3282,Crystal Fragment x15
3283,Crystal Fragment x16
3284,Crystal Fragment x17
3285,Crystal Fragment x18
3286,Crystal Fragment x19
3287,Crystal Fragment x20
3288,Crystal Fragment x21
3289,Crystal Fragment x22
3290,Crystal Fragment x23
3291,Crystal Fragment x24
3292,Crystal Fragment x25
3293,Crystal Fragment x26
3294,Crystal Fragment x27
3295,Crystal Fragment x28
3296,Crystal Fragment x29
3297,Crystal Fragment x30
3298,Clover Star
3299,Katana of Good Fortune
3300,Harlequin Armor
3301,Puppet Master Skin
3302,Jester Skin
3303,Wanderer Samurai Skin
3304,Puppet Master's Encore Key
3305,Huntsman Skin
3306,Demon Spawn Skin
3307,Hunchback Skin
3308,Vampiress Skin
3309,Frankensteins Monster Skin
3310,Jack the Ripper Skin
3311,Death Skin
3312,Tiny Avatar Skin
3313,Zombie Nurse Skin
3314,Ascended Sorcerer Skin
3315,Mischievous Imp Skin
3316,Vampire Hunter Skin
3317,Poltergeist Skin
3318,Dark Elf Huntress Skin
3319,Ice Cave Key
3320,Storm Archer Skin
3321,Foreign Prince Paladin Skin
3322,Hoodoo Priestess Skin
3323,Pure Legendary Mystery Egg
3324,Pure Rare Mystery Egg
3325,Pure Legendary Humanoid Egg
3326,Mini Akuma Skin
3327,Leaf Dragon Hide Armor
3328,Water Dragon Silk Robe
3329,Fire Dragon Battle Armor
3330,Celestial Blade
3331,Lightning Mystic Skin
3332,Akuma SamuraiST Skin
3333,Ivory Narwhal
3334,Ivory Narwhal Pet Skin
3335,Armored Orc
3336,Armored Orc Pet Skin
3337,Enchanted Broom
3338,Enchanted Broom Pet Skin
3339,Hollow Wendigo
3340,Hollow Wendigo Pet Skin
3341,Tree Sparrow
3342,Tree Sparrow Pet Skin
3343,White Eyed
3344,White Eyed Pet Skin
3345,Polar Bear
3346,Polar Bear Pet Skin
3347,Snow Monster
3348,Snow Monster Pet Skin
3349,Longtailed Tit
3350,Longtailed Tit Pet Skin
3351,Searing Soul
3352,Searing Soul Pet Skin
3353,Zodiac Pig
3354,Zodiac Pig Pet Skin
3355,Swan
3356,Swan Pet Skin
3357,Green Hat Bunny
3358,Green Hat Bunny Pet Skin
3359,Cultured Bookwyrm
3360,Cultured Bookwyrm Pet Skin
3361,Mini Whale
3362,Mini Whale Pet Skin
3363,Champion Spirit
3364,Champion Spirit Pet Skin
3365,Vicious Phantom
3366,Vicious Phantom Pet Skin
3367,Toaster
3368,Toaster Pet Skin
3369,Warrior Duck
3370,Warrior Duck Pet Skin
3371,Infested Bagston
3372,Infested Bagston Pet Skin
3373,Crystal Cobra
3374,Crystal Cobra Pet Skin
3375,Possessed Lantern
3376,Possessed Lantern Pet Skin
3377,Malogian Saucer
3378,Malogian Saucer Pet Skin
3379,Untarian Saucer
3380,Untarian Saucer Pet Skin
3381,Foraxian Saucer
3382,Foraxian Saucer Pet Skin
3383,Katalonian Saucer
3384,Katalonian Saucer Pet Skin
3385,Chill Chickey
3386,Chill Chickey Pet Skin
3387,Sir Wumple
3388,Sir Wumple Pet Skin
3389,Shiba Inu
3390,Shiba Inu Pet Skin
3391,Blue Turtle Shell
3392,Blue Turtle Shell Pet Skin
3393,Green Turtle Shell
3394,Green Turtle Shell Pet Skin
3395,Red Turtle Shell
3396,Red Turtle Shell Pet Skin
3397,Skelephant
3398,Skelephant Pet Skin
3399,Phantom Tea Set
3400,Phantom Tea Set Pet Skin
3401,Fool's Penguin
3402,Fool's Penguin Pet Skin
3403,Phantom Ghost
3404,Phantom Ghost Pet Skin
3405,UFO Bot
3406,UFO Bot Pet Skin
3407,Cyberpenguin
3408,Cyberpenguin Pet Skin
3409,Blue Flaming Pumpkin
3410,Blue Flaming Pumpkin Pet Skin
3411,Orange Flaming Pumpkin
3412,Orange Flaming Pumpkin Pet Skin
3413,Flying Penguin
3414,Flying Penguin Pet Skin
3415,Fire Spirit
3416,Fire Spirit Pet Skin
3417,Earth Spirit
3418,Earth Spirit Pet Skin
3419,Water Spirit
3420,Water Spirit Pet Skin
3421,Santa's Penguin
3422,Santa's Penguin Pet Skin
3423,Auroral Sprite God
3424,Auroral Sprite God Pet Skin
3425,Cursed Blade
3426,Cursed Blade Pet Skin
3427,Mini Marble Colossus
3428,Mini Marble Colossus Pet Skin
3429,Majestic Moose
3430,Majestic Moose Pet Skin
3431,Winter Guide
3432,Winter Guide Pet Skin
3433,Air Spirit
3434,Air Spirit Pet Skin
3435,Zodiac Rat
3436,Zodiac Rat Pet Skin
3437,Autumn Ent
3438,Autumn Ent Pet Skin
3439,Black Cat
3440,Grey Cat
3441,Orange Cat
3442,Tan Cat
3443,Yellow Cat
3444,White Cat
3445,Brown Pup
3446,Grey Pup
3447,Golden Pup
3448,Grey Wolf
3449,Brown Fox
3450,Sheepdog
3451,Grey Fox
3452,Blue Parrot
3453,Oriole
3454,Goldfinch
3455,Bluebird
3456,Cardinal
3457,Elephant
3458,Koala
3459,Monkey
3460,Chick
3461,Pig
3462,Duck
3463,Hamster
3464,Raccoon
3465,Dino
3466,Tomb Snake
3467,Chameleon
3468,Black Ant
3469,Blue Ant
3470,Green Ant
3471,Red Ant
3472,Purple Ant
3473,Penguin
3474,Green Penguin
3475,Grape Penguin
3476,Grass Penguin
3477,Blue Snail
3478,Green Frog
3479,Purple Snail
3480,Purple Frog
3481,Sea Slurp
3482,Turtle
3483,Crab
3484,Bat
3485,Lil' Ghost
3486,Spirit
3487,Baby
3488,Dreidel
3489,Sprite Star
3490,Blue Thing
3491,Robobuddy
3492,Helmbot
3493,Lion
3494,White Lion
3495,Ninja Cat
3496,G. Sheepdog
3497,Black Wolf
3498,Gold Bulldog
3499,Eagle
3500,Raven
3501,USA Eagle
3502,Pigeon
3503,Panda
3504,Toucan
3505,Orangutan
3506,Mallard
3507,Turkey
3508,Skunk
3509,Snowy Owl
3510,Reindeer
3511,Baby Dragon
3512,Bee
3513,Mantis
3514,Karate R.
3515,Karate B.
3516,Karate Y.
3517,Karate P.
3518,Demon Frog
3519,Candy Snail
3520,Gargoyle
3521,Lil' Cyclops
3522,Werewolf
3523,Monster Eye
3524,Skull
3525,Leprechaun
3526,Elf
3527,Mermaid
3528,Jelly
3529,Gummy Bear
3530,Snowman
3531,Jalapeno
3532,Redbot
3533,Funkatron
3534,Great Tiger
3535,Pink Lion
3536,Shadow Wolf
3537,Golden Hyena
3538,Phoenix
3539,Griffin
3540,War Elephant
3541,King Gorilla
3542,Enraged Yak
3543,Night Mare
3544,Silver Doe
3545,Solar Owl
3546,Tandem Cobra
3547,Poison Drake
3548,Beetleman
3549,Ultrawasp
3550,Battle P.
3551,Tank Penguin
3552,Golden Crab
3553,Great Shark
3554,Blue Landfish
3555,Glowing Skull
3556,Monkey Head
3557,Reaper
3558,Battle God
3559,Centaur
3560,Forest Fairy
3561,Lil' Oryx
3562,Shroom
3563,Great Jelly
3564,Spiderbot
3565,Cylindron
3566,Gutsbot
3567,Squirrel
3568,Dragonfly
3569,Pumpkin Head
3570,Pumpkin Head Pet Skin
3571,Headless Rider Skin
3572,Pilgrim Father Skin
3573,Pilgrim Mother Skin
3574,Wizard Supreme Skin
3575,Christmas Tree Skin
3576,Red Nosed Skin
3577,Christmas Tree
3578,Red Nosed
3579,Rudolph the Berzerk Skin
3580,Miss Santa Skin
3581,Snow Queen Skin
3582,Ice Tomb Key
3583,Zaarvox's Heart
3584,Amulet of Drakefyre
3585,Helm of Draconic Dominance
3586,Indomptable
3587,Dragon Tamer Skin
3588,Red Bagston
3589,Red Bagston Skin
3590,Helper Bagston
3591,Helper Bagston Skin
3592,Red Helper Bagston
3593,Red Helper Bagston Skin
3594,Muddy Tidechaser
3595,Muddy Tidechaser Skin
3596,Enchanted Ice Shard
3597,Ring of the Northern Light
3598,Frimarra
3599,Giant Vampire Bat
3600,Giant Vampire Bat Skin
3601,Vampire Lord Skin
3602,Pink Lion Pet Skin
3603,Midnight Wolf Pet Skin
3604,Phoenix Pet Skin
3605,War Elephant Pet Skin
3606,Night Mare Pet Skin
3607,Silver Doe Pet Skin
3608,Solar Owl Pet Skin
3609,Tandem Cobra Pet Skin
3610,Ultrawasp Pet Skin
3611,Battle Penguin Pet Skin
3612,Great Shark Pet Skin
3613,Blue Landfish Pet Skin
3614,Glowing Skull Pet Skin
3615,Monkey Head Pet Skin
3616,Reaper Pet Skin
3617,Battle God Pet Skin
3618,Centaur Pet Skin
3619,Forest Fairy Pet Skin
3620,Lil' Oryx Pet Skin
3621,Shroom Pet Skin
3622,Great Jelly Pet Skin
3623,Spiderbot Pet Skin
3624,Cylindron Pet Skin
3625,Test Key
3626,Malogia Fragment x1
3627,Malogia Fragment x2
3628,Malogia Fragment x3
3629,Malogia Fragment x4
3630,Malogia Fragment x5
3631,Malogia Fragment x6
3632,Malogia Fragment x7
3633,Malogia Fragment x8
3634,Malogia Fragment x9
3635,Malogia Fragment x10
3636,Malogia Fragment x11
3637,Malogia Fragment x12
3638,Malogia Fragment x13
3639,Malogia Fragment x14
3640,Malogia Fragment x15
3641,Malogia Fragment x16
3642,Malogia Fragment x17
3643,Malogia Fragment x18
3644,Malogia Fragment x19
3645,Malogia Fragment x20
3646,Malogia Fragment x21
3647,Malogia Fragment x22
3648,Malogia Fragment x23
3649,Malogia Fragment x24
3650,Malogia Fragment x25
3651,Any item with 200 or more feed power
3652,Any item with 300 or more feed power
3653,Any item with 400 or more feed power
3654,Any item with 450 or more feed power
3655,Any item with 500 or more feed power
3656,Any item with 550 or more feed power
3657,Any item with 600 or more feed power
3658,Any item with 650 or more feed power
3659,The Machine Key
3660,Glazed Apple
3661,Christmas Turkey Leg
3662,Christmas Tree Cupcake
3663,Gingerbread House
3664,Glowing Green Goo
3665,Oryx Cookie
3666,Chaos Cake
3667,Solar Energy Drink
3668,Buccaneer Top Hat
3669,Serpentine Top Hat
3670,Demonic Top Hat
3671,Sunken Top Hat
3672,Aquatic Top Hat
3673,Jungle Carrot
3674,Spriteful Carrot
3675,Holy Carrot
3676,Frosty Carrot
3677,Sandy Carrot
3678,Arachnid Coal
3679,Phantom Coal
3680,Zombified Coal
3681,Parasitic Coal
3682,Mad God's Coal
3683,Esben's Shaman Attire
3684,Esben's Wedding Ring
3685,Snowman Body
